Program,xPONENT,,Intelliflex,,,,,,,,,,,,,,,,,
Build,2.1.1015,,,,,,,,,,,,,,,,,,,
Date,30/05/2025,14:35,,,,,,,,,,,,,,,,,,
,,,,,,,,,,,,,,,,,,,,
,,,,,,,,,,,,,,,,,,,,
,,,,,,,,,,,,,,,,,,,,
SN,IFLEXP24081001,,,,,,,,,,,,,,,,,,,
Batch,PLATE_05302025_OmiRBD_TRIMER_SJ_P2,,,,,,,,,,,,,,,,,,,
Version,1,,,,,,,,,,,,,,,,,,,
Operator,,,,,,,,,,,,,,,,,,,,
ComputerName,INTELLIFLEX-PC,,,,,,,,,,,,,,,,,,,
Country Code,409,,,,,,,,,,,,,,,,,,,
ProtocolName,,,,,,,,,,,,,,,,,,,,
ProtocolVersion,N/A,,,,,,,,,,,,,,,,,,,
ProtocolDescription,,,,,,,,,,,,,,,,,,,,
ProtocolDevelopingCompany,,,,,,,,,,,,,,,,,,,,
PanelName,,,,,,,,,,,,,,,,,,,,
MaxSampleUptakeVolume,10 ul,,,,,,,,,,,,,,,,,,,
DDGate,7000 to 21000,,,,,,,,,,,,,,,,,,,
SampleTimeout,30 sec,,,,,,,,,,,,,,,,,,,
BatchStartTime,30/05/2025 15:04,,,,,,,,,,,,,,,,,,,
BatchStopTime,30/05/2025 15:32,,,,,,,,,,,,,,,,,,,
BatchDescription,,,,,,,,,,,,,,,,,,,,
ProtocolPlate,Name,,Type,96,Plates,1,,,,,,,,,,,,,,
ProtocolMicrosphere,Map,,Type,,Count,,,,,,,,,,,,,,,
ProtocolAnalysis,Off,,,,,,,,,,,,,,,,,,,
NormBead,None,,,,,,,,,,,,,,,,,,,
ProtocolHeater,Off,,,,,,,,,,,,,,,,,,,
ProtocolOperatingMode,Luminex® 200™ Low PMT,,,,,,,,,,,,,,,,,,,
BeadType,MagPlex,,,,,,,,,,,,,,,,,,,
PrePlateRoutine,,,,,,,,,,,,,,,,,,,,
PostPlateRoutine,,,,,,,,,,,,,,,,,,,,
PostWellRoutine,,,,,,,,,,,,,,,,,,,,
PlateReadDirection,Vertical,,,,,,,,,,,,,,,,,,,
,,,,,,,,,,,,,,,,,,,,
,,,,,,,,,,,,,,,,,,,,
Most Recent Calibration and Control Results:,,,,,,,,,,,,,,,,,,,,
Last Calibration,Calibrated 05/30/2025 11:36,,,,,,,,,,,,,,,,,,,
Last Verification,Verified 05/30/2025 11:40,,,,,,,,,,,,,,,,,,,
Last Fluidics Test,Verified 05/30/2025 11:42,,,,,,,,,,,,,,,,,,,
,,,,,,,,,,,,,,,,,,,,
CALInfo:,,,,,,,,,,,,,,,,,,,,
Classification Calibrator,,,,,,,,,,,,,,,,,,,,
Lot,ExpirationDate,CalibrationTime,CL1 Calibrated,CL1 Gain Final Volts,CL2 Calibrated,CL2 Gain Final Volts,CL3 Calibrated,CL3 Gain Final Volts,EDR Gain Calibrated,EDR Gain Final Volts,Lx200 RP1 High Gain Calibrated,Lx200 RP1 High Gain Final Volts,Lx200 RP1 Low Gain Calibrated,Lx200 RP1 Low Gain Final Volts,DDMag Calibrated,DDMag Gain Final Volts,DDMicro Calibrated,DDMicro Gain Final Volts,Standard RP1 Gain Calibrated,Standard RP1 Gain Final Volts
C03501,07/17/2025 00:00,05/30/2025 11:36,TRUE,81.6,TRUE,84.81,TRUE,81.32,TRUE,76.11,TRUE,578.95,TRUE,468.82,TRUE,53.19,TRUE,77.53,TRUE,592.91
,,,,,,,,,,,,,,,,,,,,
Samples,96,Min Events,,Per Bead,,,,,,,,,,,,,,,,
,,,,,,,,,,,,,,,,,,,,
Results,,,,,,,,,,,,,,,,,,,,
,,,,,,,,,,,,,,,,,,,,
DataType:,Median,,,,,,,,,,,,,,,,,,,
Location,Sample,OmicronRBD,OmicronTrimer,Total Events,,,,,,,,,,,,,,,,
"1(1,A1)",Standard1,7311.93945,13820.5293,263,,,,,,,,,,,,,,,,
"2(1,B1)",Standard2,4353.76562,11904.18164,230,,,,,,,,,,,,,,,,
"3(1,C1)",Standard3,1820.50391,8087.9668,258,,,,,,,,,,,,,,,,
"4(1,D1)",Standard4,559.93945,4430.50391,290,,,,,,,,,,,,,,,,
"5(1,E1)",Standard5,172.5957,2299.14453,285,,,,,,,,,,,,,,,,
"6(1,F1)",Standard6,61.19434,1162.65039,255,,,,,,,,,,,,,,,,
"7(1,G1)",Standard7,27.51563,687.29395,223,,,,,,,,,,,,,,,,
"8(1,H1)",Standard8,16.48633,474.4375,254,,,,,,,,,,,,,,,,
"9(1,A2)",Control1,2757.35547,7558.05078,230,,,,,,,,,,,,,,,,
"10(1,B2)",Control2,636.24414,3637.5,305,,,,,,,,,,,,,,,,
"11(1,C2)",Control3,11.78711,360.32812,213,,,,,,,,,,,,,,,,
"12(1,D2)",Background0,11.35938,298.11914,229,,,,,,,,,,,,,,,,
"13(1,E2)",Control1,2412.52246,7539.03516,235,,,,,,,,,,,,,,,,
"14(1,F2)",Control2,542.31445,3324.61719,247,,,,,,,,,,,,,,,,
"15(1,G2)",Control3,12.22852,407.38281,258,,,,,,,,,,,,,,,,
"16(1,H2)",Background0,11.26563,267.3457,229,,,,,,,,,,,,,,,,
"17(1,A3)",Unknown1,34.95898,1129.85156,245,,,,,,,,,,,,,,,,
"18(1,B3)",Unknown2,257.68945,4092.92773,256,,,,,,,,,,,,,,,,
"19(1,C3)",Unknown3,76.24023,1086.04102,244,,,,,,,,,,,,,,,,
"20(1,D3)",Unknown4,50.45605,1460.54199,216,,,,,,,,,,,,,,,,
"21(1,E3)",Unknown5,31.95508,1031.74316,220,,,,,,,,,,,,,,,,
"22(1,F3)",Unknown6,103.3252,1956.4375,221,,,,,,,,,,,,,,,,
"23(1,G3)",Unknown7,137.41797,2301.21973,261,,,,,,,,,,,,,,,,
"24(1,H3)",Unknown8,44.30176,963.86523,258,,,,,,,,,,,,,,,,
"25(1,A4)",Unknown9,226.54297,3009.39941,230,,,,,,,,,,,,,,,,
"26(1,B4)",Unknown10,93.38477,2414.65625,222,,,,,,,,,,,,,,,,
"27(1,C4)",Unknown11,141.26855,1946.89062,255,,,,,,,,,,,,,,,,
"28(1,D4)",Unknown12,282.35156,3084.93555,223,,,,,,,,,,,,,,,,
"29(1,E4)",Unknown13,38.85938,1020.39453,241,,,,,,,,,,,,,,,,
"30(1,F4)",Unknown14,81.89941,1475.50879,224,,,,,,,,,,,,,,,,
"31(1,G4)",Unknown15,48.27539,1160.29004,219,,,,,,,,,,,,,,,,
"32(1,H4)",Unknown16,174.83789,1403.31836,243,,,,,,,,,,,,,,,,
"33(1,A5)",Unknown17,80.52832,1273.00586,210,,,,,,,,,,,,,,,,
"34(1,B5)",Unknown18,43.55273,1279.49902,249,,,,,,,,,,,,,,,,
"35(1,C5)",Unknown19,27.35156,495.80664,225,,,,,,,,,,,,,,,,
"36(1,D5)",Unknown20,54.07715,1780.9248,214,,,,,,,,,,,,,,,,
"37(1,E5)",Unknown21,59.92969,723.19727,223,,,,,,,,,,,,,,,,
"38(1,F5)",Unknown22,74.03906,1671.87109,223,,,,,,,,,,,,,,,,
"39(1,G5)",Unknown23,99.97852,1537.16016,240,,,,,,,,,,,,,,,,
"40(1,H5)",Unknown24,78.62402,1324.91309,242,,,,,,,,,,,,,,,,
"41(1,A6)",Unknown25,305.13574,3337.25684,232,,,,,,,,,,,,,,,,
"42(1,B6)",Unknown26,183.72363,2807.84766,278,,,,,,,,,,,,,,,,
"43(1,C6)",Unknown27,16.44922,824.44922,220,,,,,,,,,,,,,,,,
"44(1,D6)",Unknown28,940.00684,4984.90332,214,,,,,,,,,,,,,,,,
"45(1,E6)",Unknown29,224.76758,2154.5791,250,,,,,,,,,,,,,,,,
"46(1,F6)",Unknown30,34.88867,939.63867,209,,,,,,,,,,,,,,,,
"47(1,G6)",Unknown31,38.65527,963.84863,210,,,,,,,,,,,,,,,,
"48(1,H6)",Unknown32,979.98242,6330.78711,209,,,,,,,,,,,,,,,,
"49(1,A7)",Unknown33,27.26367,666.29297,241,,,,,,,,,,,,,,,,
"50(1,B7)",Unknown34,139.45117,1849.09961,240,,,,,,,,,,,,,,,,
"51(1,C7)",Unknown35,300.84961,2689.16992,248,,,,,,,,,,,,,,,,
"52(1,D7)",Unknown36,138.68066,1733.01758,227,,,,,,,,,,,,,,,,
"53(1,E7)",Unknown37,103.82617,2162.11719,243,,,,,,,,,,,,,,,,
"54(1,F7)",Unknown38,22.31055,510.45508,223,,,,,,,,,,,,,,,,
"55(1,G7)",Unknown39,789.40234,7279.73828,238,,,,,,,,,,,,,,,,
"56(1,H7)",Unknown40,33.83594,920.51953,208,,,,,,,,,,,,,,,,
"57(1,A8)",Unknown41,54.77344,1981.3418,244,,,,,,,,,,,,,,,,
"58(1,B8)",Unknown42,116.42188,1907.24023,250,,,,,,,,,,,,,,,,
"59(1,C8)",Unknown43,85.45215,1404.65039,203,,,,,,,,,,,,,,,,
"60(1,D8)",Unknown44,19.67188,705.21289,246,,,,,,,,,,,,,,,,
"61(1,E8)",Unknown45,275.08789,3068.49414,237,,,,,,,,,,,,,,,,
"62(1,F8)",Unknown46,221.21875,2142.7998,243,,,,,,,,,,,,,,,,
"63(1,G8)",Unknown47,195.98047,2531.34375,215,,,,,,,,,,,,,,,,
"64(1,H8)",Unknown48,16.79688,433.42773,205,,,,,,,,,,,,,,,,
"65(1,A9)",Unknown49,517.70508,3355.05273,238,,,,,,,,,,,,,,,,
"66(1,B9)",Unknown50,15.67578,624.73047,214,,,,,,,,,,,,,,,,
"67(1,C9)",Unknown51,20.30859,468.4707,224,,,,,,,,,,,,,,,,
"68(1,D9)",Unknown52,30.27344,418.33691,209,,,,,,,,,,,,,,,,
"69(1,E9)",Unknown53,30.54883,1080.51855,253,,,,,,,,,,,,,,,,
"70(1,F9)",Unknown54,17.50977,464.34473,207,,,,,,,,,,,,,,,,
"71(1,G9)",Unknown55,714.03125,4668.46875,207,,,,,,,,,,,,,,,,
"72(1,H9)",Unknown56,63.57617,1398.08105,243,,,,,,,,,,,,,,,,
"73(1,A10)",Unknown57,267.50195,1371.53711,251,,,,,,,,,,,,,,,,
"74(1,B10)",Unknown58,115.57617,2360.90625,211,,,,,,,,,,,,,,,,
"75(1,C10)",Unknown59,31.86914,659.7832,260,,,,,,,,,,,,,,,,
"76(1,D10)",Unknown60,113.99609,2476.0791,243,,,,,,,,,,,,,,,,
"77(1,E10)",Unknown61,13.67676,387.13184,210,,,,,,,,,,,,,,,,
"78(1,F10)",Unknown62,449.19629,3810.09668,260,,,,,,,,,,,,,,,,
"79(1,G10)",Unknown63,188.25488,2822.3418,232,,,,,,,,,,,,,,,,
"80(1,H10)",Unknown64,1506.99414,3137.82031,203,,,,,,,,,,,,,,,,
"81(1,A11)",Unknown65,411.4668,4034.6377,261,,,,,,,,,,,,,,,,
"82(1,B11)",Unknown66,33.79297,1095.90234,218,,,,,,,,,,,,,,,,
"83(1,C11)",Unknown67,32.95703,746.58008,238,,,,,,,,,,,,,,,,
"84(1,D11)",Unknown68,38.48438,946.52051,222,,,,,,,,,,,,,,,,
"85(1,E11)",Unknown69,19.71582,483.62109,207,,,,,,,,,,,,,,,,
"86(1,F11)",Unknown70,1173.22656,6800.68555,254,,,,,,,,,,,,,,,,
"87(1,G11)",Unknown71,310.91016,3211.47754,248,,,,,,,,,,,,,,,,
"88(1,H11)",Unknown72,311.05469,2749.84375,218,,,,,,,,,,,,,,,,
"89(1,A12)",Unknown73,56.85156,1016.78516,222,,,,,,,,,,,,,,,,
"90(1,B12)",Unknown74,215.6875,2631.16797,242,,,,,,,,,,,,,,,,
"91(1,C12)",Unknown75,50.73438,934.59863,244,,,,,,,,,,,,,,,,
"92(1,D12)",Unknown76,195.39941,2642.48242,243,,,,,,,,,,,,,,,,
"93(1,E12)",Unknown77,971.09668,5528.72363,240,,,,,,,,,,,,,,,,
"94(1,F12)",Unknown78,514.73535,3387.22461,259,,,,,,,,,,,,,,,,
"95(1,G12)",Unknown79,182.71289,2287.91211,240,,,,,,,,,,,,,,,,
"96(1,H12)",Unknown80,74.75977,1473.39453,224,,,,,,,,,,,,,,,,
,,,,,,,,,,,,,,,,,,,,
,,,,,,,,,,,,,,,,,,,,
DataType:,Mean,,,,,,,,,,,,,,,,,,,
Location,Sample,Omi SPIKE RBD,Omi SPIKE TRIMER,Total Events,,,,,,,,,,,,,,,,
"1(1,A1)",Standard1,8723.87891,24939.84375,263,,,,,,,,,,,,,,,,
"2(1,B1)",Standard2,8281.1709,19290.4082,230,,,,,,,,,,,,,,,,
"3(1,C1)",Standard3,7503.3457,20678.12109,258,,,,,,,,,,,,,,,,
"4(1,D1)",Standard4,3307.97974,19149.2168,290,,,,,,,,,,,,,,,,
"5(1,E1)",Standard5,635.2486,17363.11523,285,,,,,,,,,,,,,,,,
"6(1,F1)",Standard6,72.34182,20495.31445,255,,,,,,,,,,,,,,,,
"7(1,G1)",Standard7,28.81256,13844.13281,223,,,,,,,,,,,,,,,,
"8(1,H1)",Standard8,17.13066,7940.62354,254,,,,,,,,,,,,,,,,
"9(1,A2)",Control1,8655.81055,17251.2793,230,,,,,,,,,,,,,,,,
"10(1,B2)",Control2,2332.34009,24467.89453,305,,,,,,,,,,,,,,,,
"11(1,C2)",Control3,12.41583,8956.64648,213,,,,,,,,,,,,,,,,
"12(1,D2)",Background0,11.24384,13520.72949,229,,,,,,,,,,,,,,,,
"13(1,E2)",Control1,5324.24756,19596.99414,235,,,,,,,,,,,,,,,,
"14(1,F2)",Control2,5567.5249,28966.54688,247,,,,,,,,,,,,,,,,
"15(1,G2)",Control3,16.34662,16409.84375,258,,,,,,,,,,,,,,,,
"16(1,H2)",Background0,11.50519,10030.16016,229,,,,,,,,,,,,,,,,
"17(1,A3)",Unknown1,35.65563,20624.1582,245,,,,,,,,,,,,,,,,
"18(1,B3)",Unknown2,4720.79053,25989.50977,256,,,,,,,,,,,,,,,,
"19(1,C3)",Unknown3,127.39304,8619.9834,244,,,,,,,,,,,,,,,,
"20(1,D3)",Unknown4,50.2821,16382.77637,216,,,,,,,,,,,,,,,,
"21(1,E3)",Unknown5,34.05195,15378.9834,220,,,,,,,,,,,,,,,,
"22(1,F3)",Unknown6,166.49863,24800.26367,221,,,,,,,,,,,,,,,,
"23(1,G3)",Unknown7,632.70056,17784.89258,261,,,,,,,,,,,,,,,,
"24(1,H3)",Unknown8,54.49536,24484.24023,258,,,,,,,,,,,,,,,,
"25(1,A4)",Unknown9,356.49832,14817.56836,230,,,,,,,,,,,,,,,,
"26(1,B4)",Unknown10,5629.80176,25201.13477,222,,,,,,,,,,,,,,,,
"27(1,C4)",Unknown11,1021.70758,14249.07812,255,,,,,,,,,,,,,,,,
"28(1,D4)",Unknown12,6100.50977,26651.92578,223,,,,,,,,,,,,,,,,
"29(1,E4)",Unknown13,41.00749,13415.04395,241,,,,,,,,,,,,,,,,
"30(1,F4)",Unknown14,597.90808,28175.42188,224,,,,,,,,,,,,,,,,
"31(1,G4)",Unknown15,69.39268,15706.76367,219,,,,,,,,,,,,,,,,
"32(1,H4)",Unknown16,4195.38965,20053.83008,243,,,,,,,,,,,,,,,,
"33(1,A5)",Unknown17,172.44276,19973.00391,210,,,,,,,,,,,,,,,,
"34(1,B5)",Unknown18,57.72002,9744.31543,249,,,,,,,,,,,,,,,,
"35(1,C5)",Unknown19,28.8006,14392.04199,225,,,,,,,,,,,,,,,,
"36(1,D5)",Unknown20,711.8783,19975.36133,214,,,,,,,,,,,,,,,,
"37(1,E5)",Unknown21,478.93262,16984.19531,223,,,,,,,,,,,,,,,,
"38(1,F5)",Unknown22,306.93414,16357.58105,223,,,,,,,,,,,,,,,,
"39(1,G5)",Unknown23,264.53787,19440.31836,240,,,,,,,,,,,,,,,,
"40(1,H5)",Unknown24,103.54997,23729.91602,242,,,,,,,,,,,,,,,,
"41(1,A6)",Unknown25,4297.03027,27387.27734,232,,,,,,,,,,,,,,,,
"42(1,B6)",Unknown26,909.6886,14349.33594,278,,,,,,,,,,,,,,,,
"43(1,C6)",Unknown27,24.51787,15674.91211,220,,,,,,,,,,,,,,,,
"44(1,D6)",Unknown28,7145.97363,20521.46289,214,,,,,,,,,,,,,,,,
"45(1,E6)",Unknown29,254.09547,11577.10742,250,,,,,,,,,,,,,,,,
"46(1,F6)",Unknown30,35.28288,14367.07422,209,,,,,,,,,,,,,,,,
"47(1,G6)",Unknown31,40.84707,24442.84375,210,,,,,,,,,,,,,,,,
"48(1,H6)",Unknown32,10093.56934,29675.25781,209,,,,,,,,,,,,,,,,
"49(1,A7)",Unknown33,79.12411,8729.1582,241,,,,,,,,,,,,,,,,
"50(1,B7)",Unknown34,1654.28479,19390.00586,240,,,,,,,,,,,,,,,,
"51(1,C7)",Unknown35,7161.79102,29819.26953,248,,,,,,,,,,,,,,,,
"52(1,D7)",Unknown36,1555.14258,14981.20508,227,,,,,,,,,,,,,,,,
"53(1,E7)",Unknown37,213.40678,13312.10645,243,,,,,,,,,,,,,,,,
"54(1,F7)",Unknown38,23.93361,13675.41992,223,,,,,,,,,,,,,,,,
"55(1,G7)",Unknown39,7341.33447,26066.21484,238,,,,,,,,,,,,,,,,
"56(1,H7)",Unknown40,75.21983,26573.85547,208,,,,,,,,,,,,,,,,
"57(1,A8)",Unknown41,76.33468,17042.20508,244,,,,,,,,,,,,,,,,
"58(1,B8)",Unknown42,169.33733,11902.71875,250,,,,,,,,,,,,,,,,
"59(1,C8)",Unknown43,123.61541,31708.13477,203,,,,,,,,,,,,,,,,
"60(1,D8)",Unknown44,21.67748,9093.68262,246,,,,,,,,,,,,,,,,
"61(1,E8)",Unknown45,1796.38965,16536.11523,237,,,,,,,,,,,,,,,,
"62(1,F8)",Unknown46,374.19598,27626.24023,243,,,,,,,,,,,,,,,,
"63(1,G8)",Unknown47,1122.41602,19672.01758,215,,,,,,,,,,,,,,,,
"64(1,H8)",Unknown48,6048.7041,13228.34082,205,,,,,,,,,,,,,,,,
"65(1,A9)",Unknown49,1111.98364,17717.95117,238,,,,,,,,,,,,,,,,
"66(1,B9)",Unknown50,15.84461,6470.59912,214,,,,,,,,,,,,,,,,
"67(1,C9)",Unknown51,20.37917,9908.97754,224,,,,,,,,,,,,,,,,
"68(1,D9)",Unknown52,56.93029,13533.32324,209,,,,,,,,,,,,,,,,
"69(1,E9)",Unknown53,39.51334,30860.38281,253,,,,,,,,,,,,,,,,
"70(1,F9)",Unknown54,17.74549,13274.71094,207,,,,,,,,,,,,,,,,
"71(1,G9)",Unknown55,2974.73804,23310.1582,207,,,,,,,,,,,,,,,,
"72(1,H9)",Unknown56,250.62216,29992.41797,243,,,,,,,,,,,,,,,,
"73(1,A10)",Unknown57,4890.72656,22422.76562,251,,,,,,,,,,,,,,,,
"74(1,B10)",Unknown58,266.18402,35355.76562,211,,,,,,,,,,,,,,,,
"75(1,C10)",Unknown59,35.50256,11916.48828,260,,,,,,,,,,,,,,,,
"76(1,D10)",Unknown60,2193.96411,16485.80469,243,,,,,,,,,,,,,,,,
"77(1,E10)",Unknown61,15.23262,6859.8418,210,,,,,,,,,,,,,,,,
"78(1,F10)",Unknown62,2858.56567,22370.19922,260,,,,,,,,,,,,,,,,
"79(1,G10)",Unknown63,1660.31396,23006.82422,232,,,,,,,,,,,,,,,,
"80(1,H10)",Unknown64,12592.13574,15064.41211,203,,,,,,,,,,,,,,,,
"81(1,A11)",Unknown65,3182.34009,15413.37891,261,,,,,,,,,,,,,,,,
"82(1,B11)",Unknown66,939.2373,10084.4043,218,,,,,,,,,,,,,,,,
"83(1,C11)",Unknown67,222.44936,13777.0332,238,,,,,,,,,,,,,,,,
"84(1,D11)",Unknown68,40.25304,18233.30078,222,,,,,,,,,,,,,,,,
"85(1,E11)",Unknown69,96.46939,17855.69531,207,,,,,,,,,,,,,,,,
"86(1,F11)",Unknown70,4583.31104,12509.85254,254,,,,,,,,,,,,,,,,
"87(1,G11)",Unknown71,613.67395,20825.19336,248,,,,,,,,,,,,,,,,
"88(1,H11)",Unknown72,362.13394,22404.46875,218,,,,,,,,,,,,,,,,
"89(1,A12)",Unknown73,142.73676,17048.01562,222,,,,,,,,,,,,,,,,
"90(1,B12)",Unknown74,6697.80566,8574.07129,242,,,,,,,,,,,,,,,,
"91(1,C12)",Unknown75,115.3606,12733.13574,244,,,,,,,,,,,,,,,,
"92(1,D12)",Unknown76,5032.50977,12975.83984,243,,,,,,,,,,,,,,,,
"93(1,E12)",Unknown77,10146.11523,19848.95312,240,,,,,,,,,,,,,,,,
"94(1,F12)",Unknown78,4476.87402,30926.49805,259,,,,,,,,,,,,,,,,
"95(1,G12)",Unknown79,208.30412,19065.58008,240,,,,,,,,,,,,,,,,
"96(1,H12)",Unknown80,118.45668,20520.74219,224,,,,,,,,,,,,,,,,
,,,,,,,,,,,,,,,,,,,,
,,,,,,,,,,,,,,,,,,,,
DataType:,Count,,,,,,,,,,,,,,,,,,,
Location,Sample,Omi SPIKE RBD,Omi SPIKE TRIMER,Total Events,,,,,,,,,,,,,,,,
"1(1,A1)",Standard1,162,101,263,,,,,,,,,,,,,,,,
"2(1,B1)",Standard2,129,101,230,,,,,,,,,,,,,,,,
"3(1,C1)",Standard3,158,100,258,,,,,,,,,,,,,,,,
"4(1,D1)",Standard4,189,101,290,,,,,,,,,,,,,,,,
"5(1,E1)",Standard5,184,101,285,,,,,,,,,,,,,,,,
"6(1,F1)",Standard6,148,107,255,,,,,,,,,,,,,,,,
"7(1,G1)",Standard7,121,102,223,,,,,,,,,,,,,,,,
"8(1,H1)",Standard8,153,101,254,,,,,,,,,,,,,,,,
"9(1,A2)",Control1,128,102,230,,,,,,,,,,,,,,,,
"10(1,B2)",Control2,203,102,305,,,,,,,,,,,,,,,,
"11(1,C2)",Control3,107,106,213,,,,,,,,,,,,,,,,
"12(1,D2)",Background0,128,101,229,,,,,,,,,,,,,,,,
"13(1,E2)",Control1,128,107,235,,,,,,,,,,,,,,,,
"14(1,F2)",Control2,146,101,247,,,,,,,,,,,,,,,,
"15(1,G2)",Control3,157,101,258,,,,,,,,,,,,,,,,
"16(1,H2)",Background0,129,100,229,,,,,,,,,,,,,,,,
"17(1,A3)",Unknown1,144,101,245,,,,,,,,,,,,,,,,
"18(1,B3)",Unknown2,153,103,256,,,,,,,,,,,,,,,,
"19(1,C3)",Unknown3,139,105,244,,,,,,,,,,,,,,,,
"20(1,D3)",Unknown4,110,106,216,,,,,,,,,,,,,,,,
"21(1,E3)",Unknown5,120,100,220,,,,,,,,,,,,,,,,
"22(1,F3)",Unknown6,120,101,221,,,,,,,,,,,,,,,,
"23(1,G3)",Unknown7,161,100,261,,,,,,,,,,,,,,,,
"24(1,H3)",Unknown8,158,100,258,,,,,,,,,,,,,,,,
"25(1,A4)",Unknown9,130,100,230,,,,,,,,,,,,,,,,
"26(1,B4)",Unknown10,122,100,222,,,,,,,,,,,,,,,,
"27(1,C4)",Unknown11,154,101,255,,,,,,,,,,,,,,,,
"28(1,D4)",Unknown12,121,102,223,,,,,,,,,,,,,,,,
"29(1,E4)",Unknown13,138,103,241,,,,,,,,,,,,,,,,
"30(1,F4)",Unknown14,124,100,224,,,,,,,,,,,,,,,,
"31(1,G4)",Unknown15,119,100,219,,,,,,,,,,,,,,,,
"32(1,H4)",Unknown16,142,101,243,,,,,,,,,,,,,,,,
"33(1,A5)",Unknown17,100,110,210,,,,,,,,,,,,,,,,
"34(1,B5)",Unknown18,149,100,249,,,,,,,,,,,,,,,,
"35(1,C5)",Unknown19,120,105,225,,,,,,,,,,,,,,,,
"36(1,D5)",Unknown20,114,100,214,,,,,,,,,,,,,,,,
"37(1,E5)",Unknown21,120,103,223,,,,,,,,,,,,,,,,
"38(1,F5)",Unknown22,122,101,223,,,,,,,,,,,,,,,,
"39(1,G5)",Unknown23,135,105,240,,,,,,,,,,,,,,,,
"40(1,H5)",Unknown24,142,100,242,,,,,,,,,,,,,,,,
"41(1,A6)",Unknown25,132,100,232,,,,,,,,,,,,,,,,
"42(1,B6)",Unknown26,176,102,278,,,,,,,,,,,,,,,,
"43(1,C6)",Unknown27,119,101,220,,,,,,,,,,,,,,,,
"44(1,D6)",Unknown28,100,114,214,,,,,,,,,,,,,,,,
"45(1,E6)",Unknown29,150,100,250,,,,,,,,,,,,,,,,
"46(1,F6)",Unknown30,109,100,209,,,,,,,,,,,,,,,,
"47(1,G6)",Unknown31,110,100,210,,,,,,,,,,,,,,,,
"48(1,H6)",Unknown32,108,101,209,,,,,,,,,,,,,,,,
"49(1,A7)",Unknown33,141,100,241,,,,,,,,,,,,,,,,
"50(1,B7)",Unknown34,135,105,240,,,,,,,,,,,,,,,,
"51(1,C7)",Unknown35,147,101,248,,,,,,,,,,,,,,,,
"52(1,D7)",Unknown36,126,101,227,,,,,,,,,,,,,,,,
"53(1,E7)",Unknown37,143,100,243,,,,,,,,,,,,,,,,
"54(1,F7)",Unknown38,123,100,223,,,,,,,,,,,,,,,,
"55(1,G7)",Unknown39,137,101,238,,,,,,,,,,,,,,,,
"56(1,H7)",Unknown40,103,105,208,,,,,,,,,,,,,,,,
"57(1,A8)",Unknown41,143,101,244,,,,,,,,,,,,,,,,
"58(1,B8)",Unknown42,145,105,250,,,,,,,,,,,,,,,,
"59(1,C8)",Unknown43,102,101,203,,,,,,,,,,,,,,,,
"60(1,D8)",Unknown44,145,101,246,,,,,,,,,,,,,,,,
"61(1,E8)",Unknown45,137,100,237,,,,,,,,,,,,,,,,
"62(1,F8)",Unknown46,143,100,243,,,,,,,,,,,,,,,,
"63(1,G8)",Unknown47,115,100,215,,,,,,,,,,,,,,,,
"64(1,H8)",Unknown48,104,101,205,,,,,,,,,,,,,,,,
"65(1,A9)",Unknown49,136,102,238,,,,,,,,,,,,,,,,
"66(1,B9)",Unknown50,107,107,214,,,,,,,,,,,,,,,,
"67(1,C9)",Unknown51,119,105,224,,,,,,,,,,,,,,,,
"68(1,D9)",Unknown52,107,102,209,,,,,,,,,,,,,,,,
"69(1,E9)",Unknown53,153,100,253,,,,,,,,,,,,,,,,
"70(1,F9)",Unknown54,107,100,207,,,,,,,,,,,,,,,,
"71(1,G9)",Unknown55,107,100,207,,,,,,,,,,,,,,,,
"72(1,H9)",Unknown56,143,100,243,,,,,,,,,,,,,,,,
"73(1,A10)",Unknown57,149,102,251,,,,,,,,,,,,,,,,
"74(1,B10)",Unknown58,111,100,211,,,,,,,,,,,,,,,,
"75(1,C10)",Unknown59,159,101,260,,,,,,,,,,,,,,,,
"76(1,D10)",Unknown60,139,104,243,,,,,,,,,,,,,,,,
"77(1,E10)",Unknown61,108,102,210,,,,,,,,,,,,,,,,
"78(1,F10)",Unknown62,160,100,260,,,,,,,,,,,,,,,,
"79(1,G10)",Unknown63,132,100,232,,,,,,,,,,,,,,,,
"80(1,H10)",Unknown64,101,102,203,,,,,,,,,,,,,,,,
"81(1,A11)",Unknown65,159,102,261,,,,,,,,,,,,,,,,
"82(1,B11)",Unknown66,117,101,218,,,,,,,,,,,,,,,,
"83(1,C11)",Unknown67,137,101,238,,,,,,,,,,,,,,,,
"84(1,D11)",Unknown68,122,100,222,,,,,,,,,,,,,,,,
"85(1,E11)",Unknown69,106,101,207,,,,,,,,,,,,,,,,
"86(1,F11)",Unknown70,160,94,254,,,,,,,,,,,,,,,,
"87(1,G11)",Unknown71,148,100,248,,,,,,,,,,,,,,,,
"88(1,H11)",Unknown72,117,101,218,,,,,,,,,,,,,,,,
"89(1,A12)",Unknown73,122,100,222,,,,,,,,,,,,,,,,
"90(1,B12)",Unknown74,136,106,242,,,,,,,,,,,,,,,,
"91(1,C12)",Unknown75,142,102,244,,,,,,,,,,,,,,,,
"92(1,D12)",Unknown76,142,101,243,,,,,,,,,,,,,,,,
"93(1,E12)",Unknown77,140,100,240,,,,,,,,,,,,,,,,
"94(1,F12)",Unknown78,158,101,259,,,,,,,,,,,,,,,,
"95(1,G12)",Unknown79,140,100,240,,,,,,,,,,,,,,,,
"96(1,H12)",Unknown80,124,100,224,,,,,,,,,,,,,,,,
,,,,,,,,,,,,,,,,,,,,
,,,,,,,,,,,,,,,,,,,,
DataType:,%CV,,,,,,,,,,,,,,,,,,,
Location,Sample,Omi SPIKE RBD,Omi SPIKE TRIMER,Total Events,,,,,,,,,,,,,,,,
"1(1,A1)",Standard1,74.60764,211.14021,263,,,,,,,,,,,,,,,,
"2(1,B1)",Standard2,203.34975,101.66349,230,,,,,,,,,,,,,,,,
"3(1,C1)",Standard3,418.5528,157.67531,258,,,,,,,,,,,,,,,,
"4(1,D1)",Standard4,526.10596,264.76923,290,,,,,,,,,,,,,,,,
"5(1,E1)",Standard5,959.66168,452.59491,285,,,,,,,,,,,,,,,,
"6(1,F1)",Standard6,112.47342,359.72473,255,,,,,,,,,,,,,,,,
"7(1,G1)",Standard7,27.15299,323.97815,223,,,,,,,,,,,,,,,,
"8(1,H1)",Standard8,41.62152,369.04645,254,,,,,,,,,,,,,,,,
"9(1,A2)",Control1,543.70874,220.11031,230,,,,,,,,,,,,,,,,
"10(1,B2)",Control2,442.37732,309.77332,305,,,,,,,,,,,,,,,,
"11(1,C2)",Control3,41.97778,361.02115,213,,,,,,,,,,,,,,,,
"12(1,D2)",Background0,48.43414,444.87659,229,,,,,,,,,,,,,,,,
"13(1,E2)",Control1,248.23763,236.98569,235,,,,,,,,,,,,,,,,
"14(1,F2)",Control2,755.98267,264.23434,247,,,,,,,,,,,,,,,,
"15(1,G2)",Control3,279.87323,405.55161,258,,,,,,,,,,,,,,,,
"16(1,H2)",Background0,43.35384,396.83249,229,,,,,,,,,,,,,,,,
"17(1,A3)",Unknown1,31.56776,333.10199,245,,,,,,,,,,,,,,,,
"18(1,B3)",Unknown2,890.32129,284.11743,256,,,,,,,,,,,,,,,,
"19(1,C3)",Unknown3,353.20123,283.2641,244,,,,,,,,,,,,,,,,
"20(1,D3)",Unknown4,24.98452,404.35275,216,,,,,,,,,,,,,,,,
"21(1,E3)",Unknown5,40.42928,351.50638,220,,,,,,,,,,,,,,,,
"22(1,F3)",Unknown6,242.20297,233.66451,221,,,,,,,,,,,,,,,,
"23(1,G3)",Unknown7,516.8562,309.29556,261,,,,,,,,,,,,,,,,
"24(1,H3)",Unknown8,158.26505,315.6517,258,,,,,,,,,,,,,,,,
"25(1,A4)",Unknown9,333.45364,216.09995,230,,,,,,,,,,,,,,,,
"26(1,B4)",Unknown10,765.29956,294.38321,222,,,,,,,,,,,,,,,,
"27(1,C4)",Unknown11,622.06964,258.02066,255,,,,,,,,,,,,,,,,
"28(1,D4)",Unknown12,770.16919,266.63672,223,,,,,,,,,,,,,,,,
"29(1,E4)",Unknown13,35.69155,295.02911,241,,,,,,,,,,,,,,,,
"30(1,F4)",Unknown14,637.54889,275.75214,224,,,,,,,,,,,,,,,,
"31(1,G4)",Unknown15,231.05019,316.84488,219,,,,,,,,,,,,,,,,
"32(1,H4)",Unknown16,573.1275,330.57919,243,,,,,,,,,,,,,,,,
"33(1,A5)",Unknown17,297.96582,345.95309,210,,,,,,,,,,,,,,,,
"34(1,B5)",Unknown18,163.36963,263.68628,249,,,,,,,,,,,,,,,,
"35(1,C5)",Unknown19,30.02692,318.06992,225,,,,,,,,,,,,,,,,
"36(1,D5)",Unknown20,965.16254,395.38138,214,,,,,,,,,,,,,,,,
"37(1,E5)",Unknown21,924.41669,405.10684,223,,,,,,,,,,,,,,,,
"38(1,F5)",Unknown22,814.27441,292.17398,223,,,,,,,,,,,,,,,,
"39(1,G5)",Unknown23,650.64886,321.20566,240,,,,,,,,,,,,,,,,
"40(1,H5)",Unknown24,151.65427,273.32593,242,,,,,,,,,,,,,,,,
"41(1,A6)",Unknown25,883.48303,233.14464,232,,,,,,,,,,,,,,,,
"42(1,B6)",Unknown26,566.35352,233.41852,278,,,,,,,,,,,,,,,,
"43(1,C6)",Unknown27,256.74872,331.33405,220,,,,,,,,,,,,,,,,
"44(1,D6)",Unknown28,533.66974,197.91241,214,,,,,,,,,,,,,,,,
"45(1,E6)",Unknown29,72.29818,244.18233,250,,,,,,,,,,,,,,,,
"46(1,F6)",Unknown30,29.74384,345.78214,209,,,,,,,,,,,,,,,,
"47(1,G6)",Unknown31,45.79924,303.37335,210,,,,,,,,,,,,,,,,
"48(1,H6)",Unknown32,495.60229,178.06874,209,,,,,,,,,,,,,,,,
"49(1,A7)",Unknown33,694.51086,374.79135,241,,,,,,,,,,,,,,,,
"50(1,B7)",Unknown34,999.18396,352.83813,240,,,,,,,,,,,,,,,,
"51(1,C7)",Unknown35,767.30072,266.00113,248,,,,,,,,,,,,,,,,
"52(1,D7)",Unknown36,966.20477,329.45465,227,,,,,,,,,,,,,,,,
"53(1,E7)",Unknown37,432.88202,379.08301,243,,,,,,,,,,,,,,,,
"54(1,F7)",Unknown38,68.54556,311.23148,223,,,,,,,,,,,,,,,,
"55(1,G7)",Unknown39,579.16479,270.60052,238,,,,,,,,,,,,,,,,
"56(1,H7)",Unknown40,529.71704,297.06342,208,,,,,,,,,,,,,,,,
"57(1,A8)",Unknown41,321.76083,294.41882,244,,,,,,,,,,,,,,,,
"58(1,B8)",Unknown42,177.89273,295.46536,250,,,,,,,,,,,,,,,,
"59(1,C8)",Unknown43,176.60965,278.93091,203,,,,,,,,,,,,,,,,
"60(1,D8)",Unknown44,62.73116,347.82693,246,,,,,,,,,,,,,,,,
"61(1,E8)",Unknown45,892.07147,266.75049,237,,,,,,,,,,,,,,,,
"62(1,F8)",Unknown46,290.0528,285.97525,243,,,,,,,,,,,,,,,,
"63(1,G8)",Unknown47,761.42303,276.02676,215,,,,,,,,,,,,,,,,
"64(1,H8)",Unknown48,1011.59546,474.91913,205,,,,,,,,,,,,,,,,
"65(1,A9)",Unknown49,221.79845,277.07501,238,,,,,,,,,,,,,,,,
"66(1,B9)",Unknown50,39.545,376.49875,214,,,,,,,,,,,,,,,,
"67(1,C9)",Unknown51,31.78913,524.69177,224,,,,,,,,,,,,,,,,
"68(1,D9)",Unknown52,395.17496,339.37503,209,,,,,,,,,,,,,,,,
"69(1,E9)",Unknown53,221.53368,294.94223,253,,,,,,,,,,,,,,,,
"70(1,F9)",Unknown54,31.65941,476.81085,207,,,,,,,,,,,,,,,,
"71(1,G9)",Unknown55,466.31705,347.25562,207,,,,,,,,,,,,,,,,
"72(1,H9)",Unknown56,746.0835,337.07394,243,,,,,,,,,,,,,,,,
"73(1,A10)",Unknown57,759.6864,314.28799,251,,,,,,,,,,,,,,,,
"74(1,B10)",Unknown58,332.73746,255.89072,211,,,,,,,,,,,,,,,,
"75(1,C10)",Unknown59,44.17107,298.49432,260,,,,,,,,,,,,,,,,
"76(1,D10)",Unknown60,756.62286,374.48242,243,,,,,,,,,,,,,,,,
"77(1,E10)",Unknown61,76.06519,299.76453,210,,,,,,,,,,,,,,,,
"78(1,F10)",Unknown62,757.06964,292.45679,260,,,,,,,,,,,,,,,,
"79(1,G10)",Unknown63,982.73602,297.96835,232,,,,,,,,,,,,,,,,
"80(1,H10)",Unknown64,411.10135,272.14569,203,,,,,,,,,,,,,,,,
"81(1,A11)",Unknown65,649.25592,214.59212,261,,,,,,,,,,,,,,,,
"82(1,B11)",Unknown66,1030.97083,334.56631,218,,,,,,,,,,,,,,,,
"83(1,C11)",Unknown67,958.09442,377.96402,238,,,,,,,,,,,,,,,,
"84(1,D11)",Unknown68,32.63786,303.59122,222,,,,,,,,,,,,,,,,
"85(1,E11)",Unknown69,572.69177,333.29022,207,,,,,,,,,,,,,,,,
"86(1,F11)",Unknown70,329.71213,139.83994,254,,,,,,,,,,,,,,,,
"87(1,G11)",Unknown71,333.87662,394.53815,248,,,,,,,,,,,,,,,,
"88(1,H11)",Unknown72,111.74117,343.63815,218,,,,,,,,,,,,,,,,
"89(1,A12)",Unknown73,396.50012,292.97089,222,,,,,,,,,,,,,,,,
"90(1,B12)",Unknown74,613.68292,221.81958,242,,,,,,,,,,,,,,,,
"91(1,C12)",Unknown75,462.64536,248.44426,244,,,,,,,,,,,,,,,,
"92(1,D12)",Unknown76,680.82239,239.70374,243,,,,,,,,,,,,,,,,
"93(1,E12)",Unknown77,599.06488,200.20143,240,,,,,,,,,,,,,,,,
"94(1,F12)",Unknown78,934.84479,242.88701,259,,,,,,,,,,,,,,,,
"95(1,G12)",Unknown79,65.93775,350.22379,240,,,,,,,,,,,,,,,,
"96(1,H12)",Unknown80,197.07791,241.11273,224,,,,,,,,,,,,,,,,
,,,,,,,,,,,,,,,,,,,,
,,,,,,,,,,,,,,,,,,,,
DataType:,Peak,,,,,,,,,,,,,,,,,,,
Location,Sample,Omi SPIKE RBD,Omi SPIKE TRIMER,Total Events,,,,,,,,,,,,,,,,
"1(1,A1)",Standard1,6980,12884,263,,,,,,,,,,,,,,,,
"2(1,B1)",Standard2,4191,61896,230,,,,,,,,,,,,,,,,
"3(1,C1)",Standard3,1715,86565,258,,,,,,,,,,,,,,,,
"4(1,D1)",Standard4,559,121866,290,,,,,,,,,,,,,,,,
"5(1,E1)",Standard5,167,217411,285,,,,,,,,,,,,,,,,
"6(1,F1)",Standard6,57,153696,255,,,,,,,,,,,,,,,,
"7(1,G1)",Standard7,27,136307,223,,,,,,,,,,,,,,,,
"8(1,H1)",Standard8,14,108891,254,,,,,,,,,,,,,,,,
"9(1,A2)",Control1,2520,108327,230,,,,,,,,,,,,,,,,
"10(1,B2)",Control2,646,142080,305,,,,,,,,,,,,,,,,
"11(1,C2)",Control3,9,119939,213,,,,,,,,,,,,,,,,
"12(1,D2)",Background0,9,212116,229,,,,,,,,,,,,,,,,
"13(1,E2)",Control1,2517,123573,235,,,,,,,,,,,,,,,,
"14(1,F2)",Control2,525,145329,247,,,,,,,,,,,,,,,,
"15(1,G2)",Control3,9,152315,258,,,,,,,,,,,,,,,,
"16(1,H2)",Background0,10,116731,229,,,,,,,,,,,,,,,,
"17(1,A3)",Unknown1,32,135506,245,,,,,,,,,,,,,,,,
"18(1,B3)",Unknown2,228,189422,256,,,,,,,,,,,,,,,,
"19(1,C3)",Unknown3,81,70516,244,,,,,,,,,,,,,,,,
"20(1,D3)",Unknown4,44,1341,216,,,,,,,,,,,,,,,,
"21(1,E3)",Unknown5,34,160363,220,,,,,,,,,,,,,,,,
"22(1,F3)",Unknown6,116,110002,221,,,,,,,,,,,,,,,,
"23(1,G3)",Unknown7,125,111380,261,,,,,,,,,,,,,,,,
"24(1,H3)",Unknown8,47,197889,258,,,,,,,,,,,,,,,,
"25(1,A4)",Unknown9,223,76711,230,,,,,,,,,,,,,,,,
"26(1,B4)",Unknown10,90,159875,222,,,,,,,,,,,,,,,,
"27(1,C4)",Unknown11,138,83780,255,,,,,,,,,,,,,,,,
"28(1,D4)",Unknown12,247,133708,223,,,,,,,,,,,,,,,,
"29(1,E4)",Unknown13,38,121860,241,,,,,,,,,,,,,,,,
"30(1,F4)",Unknown14,75,151507,224,,,,,,,,,,,,,,,,
"31(1,G4)",Unknown15,42,102996,219,,,,,,,,,,,,,,,,
"32(1,H4)",Unknown16,167,155012,243,,,,,,,,,,,,,,,,
"33(1,A5)",Unknown17,83,121491,210,,,,,,,,,,,,,,,,
"34(1,B5)",Unknown18,37,91979,249,,,,,,,,,,,,,,,,
"35(1,C5)",Unknown19,24,145741,225,,,,,,,,,,,,,,,,
"36(1,D5)",Unknown20,60,215104,214,,,,,,,,,,,,,,,,
"37(1,E5)",Unknown21,57,165577,223,,,,,,,,,,,,,,,,
"38(1,F5)",Unknown22,62,145077,223,,,,,,,,,,,,,,,,
"39(1,G5)",Unknown23,96,123831,240,,,,,,,,,,,,,,,,
"40(1,H5)",Unknown24,81,149726,242,,,,,,,,,,,,,,,,
"41(1,A6)",Unknown25,279,147099,232,,,,,,,,,,,,,,,,
"42(1,B6)",Unknown26,157,86827,278,,,,,,,,,,,,,,,,
"43(1,C6)",Unknown27,14,127552,220,,,,,,,,,,,,,,,,
"44(1,D6)",Unknown28,910,92112,214,,,,,,,,,,,,,,,,
"45(1,E6)",Unknown29,237,93959,250,,,,,,,,,,,,,,,,
"46(1,F6)",Unknown30,37,124487,209,,,,,,,,,,,,,,,,
"47(1,G6)",Unknown31,39,158267,210,,,,,,,,,,,,,,,,
"48(1,H6)",Unknown32,895,120122,209,,,,,,,,,,,,,,,,
"49(1,A7)",Unknown33,26,91519,241,,,,,,,,,,,,,,,,
"50(1,B7)",Unknown34,123,165430,240,,,,,,,,,,,,,,,,
"51(1,C7)",Unknown35,303,172085,248,,,,,,,,,,,,,,,,
"52(1,D7)",Unknown36,131,105185,227,,,,,,,,,,,,,,,,
"53(1,E7)",Unknown37,109,1907,243,,,,,,,,,,,,,,,,
"54(1,F7)",Unknown38,16,133039,223,,,,,,,,,,,,,,,,
"55(1,G7)",Unknown39,790,136350,238,,,,,,,,,,,,,,,,
"56(1,H7)",Unknown40,34,166174,208,,,,,,,,,,,,,,,,
"57(1,A8)",Unknown41,57,154329,244,,,,,,,,,,,,,,,,
"58(1,B8)",Unknown42,120,119668,250,,,,,,,,,,,,,,,,
"59(1,C8)",Unknown43,88,160558,203,,,,,,,,,,,,,,,,
"60(1,D8)",Unknown44,19,109925,246,,,,,,,,,,,,,,,,
"61(1,E8)",Unknown45,284,123606,237,,,,,,,,,,,,,,,,
"62(1,F8)",Unknown46,228,166842,243,,,,,,,,,,,,,,,,
"63(1,G8)",Unknown47,193,157336,215,,,,,,,,,,,,,,,,
"64(1,H8)",Unknown48,15,229276,205,,,,,,,,,,,,,,,,
"65(1,A9)",Unknown49,447,94502,238,,,,,,,,,,,,,,,,
"66(1,B9)",Unknown50,15,517,214,,,,,,,,,,,,,,,,
"67(1,C9)",Unknown51,18,404,224,,,,,,,,,,,,,,,,
"68(1,D9)",Unknown52,23,106828,209,,,,,,,,,,,,,,,,
"69(1,E9)",Unknown53,29,189000,253,,,,,,,,,,,,,,,,
"70(1,F9)",Unknown54,14,151537,207,,,,,,,,,,,,,,,,
"71(1,G9)",Unknown55,714,147878,207,,,,,,,,,,,,,,,,
"72(1,H9)",Unknown56,66,297865,243,,,,,,,,,,,,,,,,
"73(1,A10)",Unknown57,248,132727,251,,,,,,,,,,,,,,,,
"74(1,B10)",Unknown58,102,199508,211,,,,,,,,,,,,,,,,
"75(1,C10)",Unknown59,29,117336,260,,,,,,,,,,,,,,,,
"76(1,D10)",Unknown60,102,144193,243,,,,,,,,,,,,,,,,
"77(1,E10)",Unknown61,9,78370,210,,,,,,,,,,,,,,,,
"78(1,F10)",Unknown62,446,183507,260,,,,,,,,,,,,,,,,
"79(1,G10)",Unknown63,206,130287,232,,,,,,,,,,,,,,,,
"80(1,H10)",Unknown64,1424,95069,203,,,,,,,,,,,,,,,,
"81(1,A11)",Unknown65,404,103077,261,,,,,,,,,,,,,,,,
"82(1,B11)",Unknown66,27,78311,218,,,,,,,,,,,,,,,,
"83(1,C11)",Unknown67,29,159700,238,,,,,,,,,,,,,,,,
"84(1,D11)",Unknown68,40,152218,222,,,,,,,,,,,,,,,,
"85(1,E11)",Unknown69,18,149786,207,,,,,,,,,,,,,,,,
"86(1,F11)",Unknown70,1052,6667,254,,,,,,,,,,,,,,,,
"87(1,G11)",Unknown71,297,3039,248,,,,,,,,,,,,,,,,
"88(1,H11)",Unknown72,303,170772,218,,,,,,,,,,,,,,,,
"89(1,A12)",Unknown73,57,113475,222,,,,,,,,,,,,,,,,
"90(1,B12)",Unknown74,214,2733,242,,,,,,,,,,,,,,,,
"91(1,C12)",Unknown75,53,93246,244,,,,,,,,,,,,,,,,
"92(1,D12)",Unknown76,185,93634,243,,,,,,,,,,,,,,,,
"93(1,E12)",Unknown77,876,101389,240,,,,,,,,,,,,,,,,
"94(1,F12)",Unknown78,525,139698,259,,,,,,,,,,,,,,,,
"95(1,G12)",Unknown79,175,187628,240,,,,,,,,,,,,,,,,
"96(1,H12)",Unknown80,73,108267,224,,,,,,,,,,,,,,,,
,,,,,,,,,,,,,,,,,,,,
,,,,,,,,,,,,,,,,,,,,
DataType:,Std Dev,,,,,,,,,,,,,,,,,,,
Location,Sample,Omi SPIKE RBD,Omi SPIKE TRIMER,Total Events,,,,,,,,,,,,,,,,
"1(1,A1)",Standard1,6508.68066,52658.03516,263,,,,,,,,,,,,,,,,
"2(1,B1)",Standard2,16839.74023,19611.30273,230,,,,,,,,,,,,,,,,
"3(1,C1)",Standard3,31405.46484,32604.29297,258,,,,,,,,,,,,,,,,
"4(1,D1)",Standard4,17403.47852,50701.23438,290,,,,,,,,,,,,,,,,
"5(1,E1)",Standard5,6096.23779,78584.57031,285,,,,,,,,,,,,,,,,
"6(1,F1)",Standard6,81.36533,73726.71094,255,,,,,,,,,,,,,,,,
"7(1,G1)",Standard7,7.82347,44851.96484,223,,,,,,,,,,,,,,,,
"8(1,H1)",Standard8,7.13004,29304.58984,254,,,,,,,,,,,,,,,,
"9(1,A2)",Control1,47062.39844,37971.84375,230,,,,,,,,,,,,,,,,
"10(1,B2)",Control2,10317.74316,75795.00781,305,,,,,,,,,,,,,,,,
"11(1,C2)",Control3,5.21189,32335.38672,213,,,,,,,,,,,,,,,,
"12(1,D2)",Background0,5.44585,60150.55859,229,,,,,,,,,,,,,,,,
"13(1,E2)",Control1,13216.78613,46442.07031,235,,,,,,,,,,,,,,,,
"14(1,F2)",Control2,42089.51953,76539.5625,247,,,,,,,,,,,,,,,,
"15(1,G2)",Control3,45.74982,66550.38281,258,,,,,,,,,,,,,,,,
"16(1,H2)",Background0,4.98794,39802.93359,229,,,,,,,,,,,,,,,,
"17(1,A3)",Unknown1,11.25568,68699.48438,245,,,,,,,,,,,,,,,,
"18(1,B3)",Unknown2,42030.20312,73840.72656,256,,,,,,,,,,,,,,,,
"19(1,C3)",Unknown3,449.9538,24417.31836,244,,,,,,,,,,,,,,,,
"20(1,D3)",Unknown4,12.56274,66244.21094,216,,,,,,,,,,,,,,,,
"21(1,E3)",Unknown5,13.76696,54058.10938,220,,,,,,,,,,,,,,,,
"22(1,F3)",Unknown6,403.26462,57949.41406,221,,,,,,,,,,,,,,,,
"23(1,G3)",Unknown7,3270.1521,55007.87891,261,,,,,,,,,,,,,,,,
"24(1,H3)",Unknown8,86.24711,77284.92188,258,,,,,,,,,,,,,,,,
"25(1,A4)",Unknown9,1188.75659,32020.75781,230,,,,,,,,,,,,,,,,
"26(1,B4)",Unknown10,43084.84766,74187.91406,222,,,,,,,,,,,,,,,,
"27(1,C4)",Unknown11,6355.73291,36765.56641,255,,,,,,,,,,,,,,,,
"28(1,D4)",Unknown12,46984.24609,71063.82031,223,,,,,,,,,,,,,,,,
"29(1,E4)",Unknown13,14.63621,39578.28906,241,,,,,,,,,,,,,,,,
"30(1,F4)",Unknown14,3811.9563,77694.32812,224,,,,,,,,,,,,,,,,
"31(1,G4)",Unknown15,160.33191,49766.07422,219,,,,,,,,,,,,,,,,
"32(1,H4)",Unknown16,24044.93164,66293.78906,243,,,,,,,,,,,,,,,,
"33(1,A5)",Unknown17,513.8205,69097.21875,210,,,,,,,,,,,,,,,,
"34(1,B5)",Unknown18,94.29699,25694.42578,249,,,,,,,,,,,,,,,,
"35(1,C5)",Unknown19,8.64793,45776.75391,225,,,,,,,,,,,,,,,,
"36(1,D5)",Unknown20,6870.78271,78978.86719,214,,,,,,,,,,,,,,,,
"37(1,E5)",Unknown21,4427.33301,68804.14062,223,,,,,,,,,,,,,,,,
"38(1,F5)",Unknown22,2499.28613,47792.59375,223,,,,,,,,,,,,,,,,
"39(1,G5)",Unknown23,1721.21277,62443.40625,240,,,,,,,,,,,,,,,,
"40(1,H5)",Unknown24,157.03795,64860.01172,242,,,,,,,,,,,,,,,,
"41(1,A6)",Unknown25,37963.53125,63851.97266,232,,,,,,,,,,,,,,,,
"42(1,B6)",Unknown26,5152.05322,33494.00781,278,,,,,,,,,,,,,,,,
"43(1,C6)",Unknown27,62.94933,51936.32422,220,,,,,,,,,,,,,,,,
"44(1,D6)",Unknown28,38135.89844,40614.52344,214,,,,,,,,,,,,,,,,
"45(1,E6)",Unknown29,183.70641,28269.25195,250,,,,,,,,,,,,,,,,
"46(1,F6)",Unknown30,10.49448,49678.77734,209,,,,,,,,,,,,,,,,
"47(1,G6)",Unknown31,18.70765,74153.07031,210,,,,,,,,,,,,,,,,
"48(1,H6)",Unknown32,50023.96094,52842.35938,209,,,,,,,,,,,,,,,,
"49(1,A7)",Unknown33,549.52557,32716.13086,241,,,,,,,,,,,,,,,,
"50(1,B7)",Unknown34,16529.34766,68415.33594,240,,,,,,,,,,,,,,,,
"51(1,C7)",Unknown35,54952.47266,79319.59375,248,,,,,,,,,,,,,,,,
"52(1,D7)",Unknown36,15025.8623,49356.27734,227,,,,,,,,,,,,,,,,
"53(1,E7)",Unknown37,923.79956,50463.93359,243,,,,,,,,,,,,,,,,
"54(1,F7)",Unknown38,16.40543,42562.21484,223,,,,,,,,,,,,,,,,
"55(1,G7)",Unknown39,42518.42188,70535.3125,238,,,,,,,,,,,,,,,,
"56(1,H7)",Unknown40,398.45227,78941.20312,208,,,,,,,,,,,,,,,,
"57(1,A8)",Unknown41,245.6151,50175.45703,244,,,,,,,,,,,,,,,,
"58(1,B8)",Unknown42,301.2388,35168.41016,250,,,,,,,,,,,,,,,,
"59(1,C8)",Unknown43,218.31674,88443.78906,203,,,,,,,,,,,,,,,,
"60(1,D8)",Unknown44,13.59853,31630.27539,246,,,,,,,,,,,,,,,,
"61(1,E8)",Unknown45,16025.08008,44110.16797,237,,,,,,,,,,,,,,,,
"62(1,F8)",Unknown46,1085.36597,79004.21094,243,,,,,,,,,,,,,,,,
"63(1,G8)",Unknown47,8546.33398,54300.03125,215,,,,,,,,,,,,,,,,
"64(1,H8)",Unknown48,61188.41797,62823.91797,205,,,,,,,,,,,,,,,,
"65(1,A9)",Unknown49,2466.3623,49092.01562,238,,,,,,,,,,,,,,,,
"66(1,B9)",Unknown50,6.26575,24361.72656,214,,,,,,,,,,,,,,,,
"67(1,C9)",Unknown51,6.47836,51991.58984,224,,,,,,,,,,,,,,,,
"68(1,D9)",Unknown52,224.97424,45928.71875,209,,,,,,,,,,,,,,,,
"69(1,E9)",Unknown53,87.53535,91020.30469,253,,,,,,,,,,,,,,,,
"70(1,F9)",Unknown54,5.61812,63295.25781,207,,,,,,,,,,,,,,,,
"71(1,G9)",Unknown55,13871.71094,80945.83594,207,,,,,,,,,,,,,,,,
"72(1,H9)",Unknown56,1869.85059,101096.6172,243,,,,,,,,,,,,,,,,
"73(1,A10)",Unknown57,37154.1875,70472.0625,251,,,,,,,,,,,,,,,,
"74(1,B10)",Unknown58,885.69397,90472.125,211,,,,,,,,,,,,,,,,
"75(1,C10)",Unknown59,15.68186,35570.04297,260,,,,,,,,,,,,,,,,
"76(1,D10)",Unknown60,16600.0332,61736.44141,243,,,,,,,,,,,,,,,,
"77(1,E10)",Unknown61,11.58672,20563.37305,210,,,,,,,,,,,,,,,,
"78(1,F10)",Unknown62,21641.33398,65423.16797,260,,,,,,,,,,,,,,,,
"79(1,G10)",Unknown63,16316.50293,68553.05469,232,,,,,,,,,,,,,,,,
"80(1,H10)",Unknown64,51766.4375,40997.14453,203,,,,,,,,,,,,,,,,
"81(1,A11)",Unknown65,20661.53125,33075.89453,261,,,,,,,,,,,,,,,,
"82(1,B11)",Unknown66,9683.2627,33739.01953,218,,,,,,,,,,,,,,,,
"83(1,C11)",Unknown67,2131.2749,52072.22656,238,,,,,,,,,,,,,,,,
"84(1,D11)",Unknown68,13.13773,55354.69922,222,,,,,,,,,,,,,,,,
"85(1,E11)",Unknown69,552.47229,59511.28516,207,,,,,,,,,,,,,,,,
"86(1,F11)",Unknown70,15111.73242,17493.76953,254,,,,,,,,,,,,,,,,
"87(1,G11)",Unknown71,2048.91382,82163.33594,248,,,,,,,,,,,,,,,,
"88(1,H11)",Unknown72,404.65271,76990.30469,218,,,,,,,,,,,,,,,,
"89(1,A12)",Unknown73,565.95142,49945.72266,222,,,,,,,,,,,,,,,,
"90(1,B12)",Unknown74,41103.29297,19018.96875,242,,,,,,,,,,,,,,,,
"91(1,C12)",Unknown75,533.71045,31634.74414,244,,,,,,,,,,,,,,,,
"92(1,D12)",Unknown76,34262.45312,31103.57227,243,,,,,,,,,,,,,,,,
"93(1,E12)",Unknown77,60781.80859,39737.89062,240,,,,,,,,,,,,,,,,
"94(1,F12)",Unknown78,41851.82031,75116.44531,259,,,,,,,,,,,,,,,,
"95(1,G12)",Unknown79,137.35106,66772.20312,240,,,,,,,,,,,,,,,,
"96(1,H12)",Unknown80,233.45197,49478.12109,224,,,,,,,,,,,,,,,,
,,,,,,,,,,,,,,,,,,,,
,,,,,,,,,,,,,,,,,,,,
DataType:,Trimmed Peak,,,,,,,,,,,,,,,,,,,
Location,Sample,Omi SPIKE RBD,Omi SPIKE TRIMER,Total Events,,,,,,,,,,,,,,,,
"1(1,A1)",Standard1,6980,12884,263,,,,,,,,,,,,,,,,
"2(1,B1)",Standard2,4191,46983,230,,,,,,,,,,,,,,,,
"3(1,C1)",Standard3,1715,64243,258,,,,,,,,,,,,,,,,
"4(1,D1)",Standard4,559,63186,290,,,,,,,,,,,,,,,,
"5(1,E1)",Standard5,167,1827,285,,,,,,,,,,,,,,,,
"6(1,F1)",Standard6,57,70458,255,,,,,,,,,,,,,,,,
"7(1,G1)",Standard7,27,659,223,,,,,,,,,,,,,,,,
"8(1,H1)",Standard8,14,447,254,,,,,,,,,,,,,,,,
"9(1,A2)",Control1,2520,7285,230,,,,,,,,,,,,,,,,
"10(1,B2)",Control2,646,46000,305,,,,,,,,,,,,,,,,
"11(1,C2)",Control3,9,358,213,,,,,,,,,,,,,,,,
"12(1,D2)",Background0,9,273,229,,,,,,,,,,,,,,,,
"13(1,E2)",Control1,2517,6847,235,,,,,,,,,,,,,,,,
"14(1,F2)",Control2,525,70990,247,,,,,,,,,,,,,,,,
"15(1,G2)",Control3,9,47374,258,,,,,,,,,,,,,,,,
"16(1,H2)",Background0,10,204,229,,,,,,,,,,,,,,,,
"17(1,A3)",Unknown1,32,67289,245,,,,,,,,,,,,,,,,
"18(1,B3)",Unknown2,228,3719,256,,,,,,,,,,,,,,,,
"19(1,C3)",Unknown3,81,1075,244,,,,,,,,,,,,,,,,
"20(1,D3)",Unknown4,44,1341,216,,,,,,,,,,,,,,,,
"21(1,E3)",Unknown5,34,974,220,,,,,,,,,,,,,,,,
"22(1,F3)",Unknown6,116,66756,221,,,,,,,,,,,,,,,,
"23(1,G3)",Unknown7,125,49671,261,,,,,,,,,,,,,,,,
"24(1,H3)",Unknown8,47,82903,258,,,,,,,,,,,,,,,,
"25(1,A4)",Unknown9,223,2282,230,,,,,,,,,,,,,,,,
"26(1,B4)",Unknown10,90,70276,222,,,,,,,,,,,,,,,,
"27(1,C4)",Unknown11,138,50892,255,,,,,,,,,,,,,,,,
"28(1,D4)",Unknown12,247,70374,223,,,,,,,,,,,,,,,,
"29(1,E4)",Unknown13,38,871,241,,,,,,,,,,,,,,,,
"30(1,F4)",Unknown14,75,73375,224,,,,,,,,,,,,,,,,
"31(1,G4)",Unknown15,42,39557,219,,,,,,,,,,,,,,,,
"32(1,H4)",Unknown16,167,64953,243,,,,,,,,,,,,,,,,
"33(1,A5)",Unknown17,83,60475,210,,,,,,,,,,,,,,,,
"34(1,B5)",Unknown18,37,935,249,,,,,,,,,,,,,,,,
"35(1,C5)",Unknown19,24,327,225,,,,,,,,,,,,,,,,
"36(1,D5)",Unknown20,60,1403,214,,,,,,,,,,,,,,,,
"37(1,E5)",Unknown21,57,633,223,,,,,,,,,,,,,,,,
"38(1,F5)",Unknown22,62,1450,223,,,,,,,,,,,,,,,,
"39(1,G5)",Unknown23,96,58475,240,,,,,,,,,,,,,,,,
"40(1,H5)",Unknown24,81,86234,242,,,,,,,,,,,,,,,,
"41(1,A6)",Unknown25,279,95557,232,,,,,,,,,,,,,,,,
"42(1,B6)",Unknown26,157,51380,278,,,,,,,,,,,,,,,,
"43(1,C6)",Unknown27,14,59751,220,,,,,,,,,,,,,,,,
"44(1,D6)",Unknown28,910,52411,214,,,,,,,,,,,,,,,,
"45(1,E6)",Unknown29,237,1861,250,,,,,,,,,,,,,,,,
"46(1,F6)",Unknown30,37,731,209,,,,,,,,,,,,,,,,
"47(1,G6)",Unknown31,39,84369,210,,,,,,,,,,,,,,,,
"48(1,H6)",Unknown32,895,87982,209,,,,,,,,,,,,,,,,
"49(1,A7)",Unknown33,26,527,241,,,,,,,,,,,,,,,,
"50(1,B7)",Unknown34,123,1651,240,,,,,,,,,,,,,,,,
"51(1,C7)",Unknown35,303,89236,248,,,,,,,,,,,,,,,,
"52(1,D7)",Unknown36,131,43921,227,,,,,,,,,,,,,,,,
"53(1,E7)",Unknown37,109,1907,243,,,,,,,,,,,,,,,,
"54(1,F7)",Unknown38,16,394,223,,,,,,,,,,,,,,,,
"55(1,G7)",Unknown39,790,59787,238,,,,,,,,,,,,,,,,
"56(1,H7)",Unknown40,34,81786,208,,,,,,,,,,,,,,,,
"57(1,A8)",Unknown41,57,1709,244,,,,,,,,,,,,,,,,
"58(1,B8)",Unknown42,120,1752,250,,,,,,,,,,,,,,,,
"59(1,C8)",Unknown43,88,81312,203,,,,,,,,,,,,,,,,
"60(1,D8)",Unknown44,19,559,246,,,,,,,,,,,,,,,,
"61(1,E8)",Unknown45,284,2152,237,,,,,,,,,,,,,,,,
"62(1,F8)",Unknown46,228,74794,243,,,,,,,,,,,,,,,,
"63(1,G8)",Unknown47,193,79253,215,,,,,,,,,,,,,,,,
"64(1,H8)",Unknown48,15,323,205,,,,,,,,,,,,,,,,
"65(1,A9)",Unknown49,447,53559,238,,,,,,,,,,,,,,,,
"66(1,B9)",Unknown50,15,517,214,,,,,,,,,,,,,,,,
"67(1,C9)",Unknown51,18,404,224,,,,,,,,,,,,,,,,
"68(1,D9)",Unknown52,23,48044,209,,,,,,,,,,,,,,,,
"69(1,E9)",Unknown53,29,92790,253,,,,,,,,,,,,,,,,
"70(1,F9)",Unknown54,14,358,207,,,,,,,,,,,,,,,,
"71(1,G9)",Unknown55,714,4382,207,,,,,,,,,,,,,,,,
"72(1,H9)",Unknown56,66,1338,243,,,,,,,,,,,,,,,,
"73(1,A10)",Unknown57,248,56332,251,,,,,,,,,,,,,,,,
"74(1,B10)",Unknown58,102,117990,211,,,,,,,,,,,,,,,,
"75(1,C10)",Unknown59,29,475,260,,,,,,,,,,,,,,,,
"76(1,D10)",Unknown60,102,2235,243,,,,,,,,,,,,,,,,
"77(1,E10)",Unknown61,9,295,210,,,,,,,,,,,,,,,,
"78(1,F10)",Unknown62,446,3703,260,,,,,,,,,,,,,,,,
"79(1,G10)",Unknown63,206,50723,232,,,,,,,,,,,,,,,,
"80(1,H10)",Unknown64,1424,2907,203,,,,,,,,,,,,,,,,
"81(1,A11)",Unknown65,404,3565,261,,,,,,,,,,,,,,,,
"82(1,B11)",Unknown66,27,1120,218,,,,,,,,,,,,,,,,
"83(1,C11)",Unknown67,29,688,238,,,,,,,,,,,,,,,,
"84(1,D11)",Unknown68,40,857,222,,,,,,,,,,,,,,,,
"85(1,E11)",Unknown69,18,464,207,,,,,,,,,,,,,,,,
"86(1,F11)",Unknown70,1052,6667,254,,,,,,,,,,,,,,,,
"87(1,G11)",Unknown71,297,3039,248,,,,,,,,,,,,,,,,
"88(1,H11)",Unknown72,303,2478,218,,,,,,,,,,,,,,,,
"89(1,A12)",Unknown73,57,57984,222,,,,,,,,,,,,,,,,
"90(1,B12)",Unknown74,214,2733,242,,,,,,,,,,,,,,,,
"91(1,C12)",Unknown75,53,57473,244,,,,,,,,,,,,,,,,
"92(1,D12)",Unknown76,185,2528,243,,,,,,,,,,,,,,,,
"93(1,E12)",Unknown77,876,5371,240,,,,,,,,,,,,,,,,
"94(1,F12)",Unknown78,525,82397,259,,,,,,,,,,,,,,,,
"95(1,G12)",Unknown79,175,2099,240,,,,,,,,,,,,,,,,
"96(1,H12)",Unknown80,73,59601,224,,,,,,,,,,,,,,,,
,,,,,,,,,,,,,,,,,,,,
,,,,,,,,,,,,,,,,,,,,
DataType:,Trimmed Standard Deviation,,,,,,,,,,,,,,,,,,,
Location,Sample,Omi SPIKE RBD,Omi SPIKE TRIMER,Total Events,,,,,,,,,,,,,,,,
"1(1,A1)",Standard1,1722.4613,10470.28125,263,,,,,,,,,,,,,,,,
"2(1,B1)",Standard2,3498.53687,11377.73145,230,,,,,,,,,,,,,,,,
"3(1,C1)",Standard3,1156.76465,20027.80469,258,,,,,,,,,,,,,,,,
"4(1,D1)",Standard4,503.18607,17087.15234,290,,,,,,,,,,,,,,,,
"5(1,E1)",Standard5,21.86961,6657.19922,285,,,,,,,,,,,,,,,,
"6(1,F1)",Standard6,10.53395,19266.64648,255,,,,,,,,,,,,,,,,
"7(1,G1)",Standard7,5.22229,13728.58203,223,,,,,,,,,,,,,,,,
"8(1,H1)",Standard8,4.68379,5369.39697,254,,,,,,,,,,,,,,,,
"9(1,A2)",Control1,2370.92017,9083.58691,230,,,,,,,,,,,,,,,,
"10(1,B2)",Control2,1037.05554,14279.47949,305,,,,,,,,,,,,,,,,
"11(1,C2)",Control3,4.19452,6559.09717,213,,,,,,,,,,,,,,,,
"12(1,D2)",Background0,4.43225,6689.78223,229,,,,,,,,,,,,,,,,
"13(1,E2)",Control1,1898.81909,13181.88379,235,,,,,,,,,,,,,,,,
"14(1,F2)",Control2,520.43878,24251.38086,247,,,,,,,,,,,,,,,,
"15(1,G2)",Control3,4.22509,11323.59766,258,,,,,,,,,,,,,,,,
"16(1,H2)",Background0,4.05694,7939.88379,229,,,,,,,,,,,,,,,,
"17(1,A3)",Unknown1,7.08404,23050.07422,245,,,,,,,,,,,,,,,,
"18(1,B3)",Unknown2,49.05672,22880.56641,256,,,,,,,,,,,,,,,,
"19(1,C3)",Unknown3,14.76743,7940.42383,244,,,,,,,,,,,,,,,,
"20(1,D3)",Unknown4,7.84463,7665.58838,216,,,,,,,,,,,,,,,,
"21(1,E3)",Unknown5,6.75548,9888.96777,220,,,,,,,,,,,,,,,,
"22(1,F3)",Unknown6,21.62211,26387.82227,221,,,,,,,,,,,,,,,,
"23(1,G3)",Unknown7,27.37542,14363.26074,261,,,,,,,,,,,,,,,,
"24(1,H3)",Unknown8,7.13504,25382.27734,258,,,,,,,,,,,,,,,,
"25(1,A4)",Unknown9,31.77807,12978.3418,230,,,,,,,,,,,,,,,,
"26(1,B4)",Unknown10,13.39318,21351.38086,222,,,,,,,,,,,,,,,,
"27(1,C4)",Unknown11,28.0819,14503.30859,255,,,,,,,,,,,,,,,,
"28(1,D4)",Unknown12,113.27899,24787.5332,223,,,,,,,,,,,,,,,,
"29(1,E4)",Unknown13,6.47031,13214.97168,241,,,,,,,,,,,,,,,,
"30(1,F4)",Unknown14,20.91283,25658.33398,224,,,,,,,,,,,,,,,,
"31(1,G4)",Unknown15,10.61853,11519.7998,219,,,,,,,,,,,,,,,,
"32(1,H4)",Unknown16,279.26926,17263.60742,243,,,,,,,,,,,,,,,,
"33(1,A5)",Unknown17,21.23801,18619.00586,210,,,,,,,,,,,,,,,,
"34(1,B5)",Unknown18,10.28669,8340.68262,249,,,,,,,,,,,,,,,,
"35(1,C5)",Unknown19,6.128,11929.49316,225,,,,,,,,,,,,,,,,
"36(1,D5)",Unknown20,11.51277,9555.7373,214,,,,,,,,,,,,,,,,
"37(1,E5)",Unknown21,11.63891,12503.96777,223,,,,,,,,,,,,,,,,
"38(1,F5)",Unknown22,10.93877,16429.43359,223,,,,,,,,,,,,,,,,
"39(1,G5)",Unknown23,21.36201,17284.4375,240,,,,,,,,,,,,,,,,
"40(1,H5)",Unknown24,13.2879,28572.47266,242,,,,,,,,,,,,,,,,
"41(1,A6)",Unknown25,377.94247,35717.35938,232,,,,,,,,,,,,,,,,
"42(1,B6)",Unknown26,73.65835,13683.45996,278,,,,,,,,,,,,,,,,
"43(1,C6)",Unknown27,4.81662,15225.01367,220,,,,,,,,,,,,,,,,
"44(1,D6)",Unknown28,685.18164,15829.99414,214,,,,,,,,,,,,,,,,
"45(1,E6)",Unknown29,35.26709,9952.18945,250,,,,,,,,,,,,,,,,
"46(1,F6)",Unknown30,5.82487,11633.45508,209,,,,,,,,,,,,,,,,
"47(1,G6)",Unknown31,6.35745,27505.54492,210,,,,,,,,,,,,,,,,
"48(1,H6)",Unknown32,3372.65723,33489.40625,209,,,,,,,,,,,,,,,,
"49(1,A7)",Unknown33,6.38098,7400.97754,241,,,,,,,,,,,,,,,,
"50(1,B7)",Unknown34,22.43969,13486.56641,240,,,,,,,,,,,,,,,,
"51(1,C7)",Unknown35,335.84995,32862.05859,248,,,,,,,,,,,,,,,,
"52(1,D7)",Unknown36,28.42131,11228.17773,227,,,,,,,,,,,,,,,,
"53(1,E7)",Unknown37,14.3986,6352.18994,243,,,,,,,,,,,,,,,,
"54(1,F7)",Unknown38,4.87742,18481.20898,223,,,,,,,,,,,,,,,,
"55(1,G7)",Unknown39,1341.88354,17280.26367,238,,,,,,,,,,,,,,,,
"56(1,H7)",Unknown40,6.99548,32183.83594,208,,,,,,,,,,,,,,,,
"57(1,A8)",Unknown41,8.5922,12918.3457,244,,,,,,,,,,,,,,,,
"58(1,B8)",Unknown42,35.96467,10071.87891,250,,,,,,,,,,,,,,,,
"59(1,C8)",Unknown43,28.10706,32403.00195,203,,,,,,,,,,,,,,,,
"60(1,D8)",Unknown44,5.35326,7130.7002,246,,,,,,,,,,,,,,,,
"61(1,E8)",Unknown45,95.58828,13798.05469,237,,,,,,,,,,,,,,,,
"62(1,F8)",Unknown46,41.28897,25014.13281,243,,,,,,,,,,,,,,,,
"63(1,G8)",Unknown47,28.23397,19426.39648,215,,,,,,,,,,,,,,,,
"64(1,H8)",Unknown48,5.59951,4292.22314,205,,,,,,,,,,,,,,,,
"65(1,A9)",Unknown49,348.00302,16507.48242,238,,,,,,,,,,,,,,,,
"66(1,B9)",Unknown50,4.66969,4542.49756,214,,,,,,,,,,,,,,,,
"67(1,C9)",Unknown51,4.89559,4629.84521,224,,,,,,,,,,,,,,,,
"68(1,D9)",Unknown52,6.38441,12680.30273,209,,,,,,,,,,,,,,,,
"69(1,E9)",Unknown53,6.07018,32801.17188,253,,,,,,,,,,,,,,,,
"70(1,F9)",Unknown54,4.45135,8681.1377,207,,,,,,,,,,,,,,,,
"71(1,G9)",Unknown55,532.41467,12708.33496,207,,,,,,,,,,,,,,,,
"72(1,H9)",Unknown56,10.82712,26703.93555,243,,,,,,,,,,,,,,,,
"73(1,A10)",Unknown57,422.72482,18630.85547,251,,,,,,,,,,,,,,,,
"74(1,B10)",Unknown58,22.90033,44105.73047,211,,,,,,,,,,,,,,,,
"75(1,C10)",Unknown59,7.2112,12732.03809,260,,,,,,,,,,,,,,,,
"76(1,D10)",Unknown60,70.54252,10036.40039,243,,,,,,,,,,,,,,,,
"77(1,E10)",Unknown61,4.24239,6583.33057,210,,,,,,,,,,,,,,,,
"78(1,F10)",Unknown62,601.6394,14920.73535,260,,,,,,,,,,,,,,,,
"79(1,G10)",Unknown63,29.37885,17177.75977,232,,,,,,,,,,,,,,,,
"80(1,H10)",Unknown64,6429.97021,11909.16309,203,,,,,,,,,,,,,,,,
"81(1,A11)",Unknown65,245.10376,14165.21777,261,,,,,,,,,,,,,,,,
"82(1,B11)",Unknown66,7.84749,9556.81445,218,,,,,,,,,,,,,,,,
"83(1,C11)",Unknown67,6.55175,9114.50195,238,,,,,,,,,,,,,,,,
"84(1,D11)",Unknown68,7.11008,16945.92383,222,,,,,,,,,,,,,,,,
"85(1,E11)",Unknown69,4.85287,21113.04492,207,,,,,,,,,,,,,,,,
"86(1,F11)",Unknown70,2514.25415,6481.79395,254,,,,,,,,,,,,,,,,
"87(1,G11)",Unknown71,117.84188,7961.04639,248,,,,,,,,,,,,,,,,
"88(1,H11)",Unknown72,54.47552,16122.14062,218,,,,,,,,,,,,,,,,
"89(1,A12)",Unknown73,13.67321,17774.19141,222,,,,,,,,,,,,,,,,
"90(1,B12)",Unknown74,744.93243,6725.63867,242,,,,,,,,,,,,,,,,
"91(1,C12)",Unknown75,10.74489,14366.72363,244,,,,,,,,,,,,,,,,
"92(1,D12)",Unknown76,77.08039,10410.85645,243,,,,,,,,,,,,,,,,
"93(1,E12)",Unknown77,1305.1217,16017.49805,240,,,,,,,,,,,,,,,,
"94(1,F12)",Unknown78,200.64548,31749.68164,259,,,,,,,,,,,,,,,,
"95(1,G12)",Unknown79,45.08185,14434.33496,240,,,,,,,,,,,,,,,,
"96(1,H12)",Unknown80,27.99993,20823.32422,224,,,,,,,,,,,,,,,,
,,,,,,,,,,,,,,,,,,,,
,,,,,,,,,,,,,,,,,,,,
DataType:,Trimmed Mean,,,,,,,,,,,,,,,,,,,
Location,Sample,Omi SPIKE RBD,Omi SPIKE TRIMER,Total Events,,,,,,,,,,,,,,,,
"1(1,A1)",Standard1,7584.85742,17211.46289,263,,,,,,,,,,,,,,,,
"2(1,B1)",Standard2,5192.2373,16206.65234,230,,,,,,,,,,,,,,,,
"3(1,C1)",Standard3,2132.40308,15498.36719,258,,,,,,,,,,,,,,,,
"4(1,D1)",Standard4,706.87323,9976.36816,290,,,,,,,,,,,,,,,,
"5(1,E1)",Standard5,174.26341,5301.271,285,,,,,,,,,,,,,,,,
"6(1,F1)",Standard6,63.12994,8662.67871,255,,,,,,,,,,,,,,,,
"7(1,G1)",Standard7,28.39493,4661.38818,223,,,,,,,,,,,,,,,,
"8(1,H1)",Standard8,16.71469,2046.81067,254,,,,,,,,,,,,,,,,
"9(1,A2)",Control1,3433.55396,10417.6084,230,,,,,,,,,,,,,,,,
"10(1,B2)",Control2,852.44983,9928.11035,305,,,,,,,,,,,,,,,,
"11(1,C2)",Control3,12.18635,2750.56274,213,,,,,,,,,,,,,,,,
"12(1,D2)",Background0,11.18371,3350.08691,229,,,,,,,,,,,,,,,,
"13(1,E2)",Control1,2922.2793,11955.35742,235,,,,,,,,,,,,,,,,
"14(1,F2)",Control2,657.96118,14294.75684,247,,,,,,,,,,,,,,,,
"15(1,G2)",Control3,12.43974,4076.146,258,,,,,,,,,,,,,,,,
"16(1,H2)",Background0,11.5655,2968.23364,229,,,,,,,,,,,,,,,,
"17(1,A3)",Unknown1,35.24889,8678.77832,245,,,,,,,,,,,,,,,,
"18(1,B3)",Unknown2,268.67953,11752.30273,256,,,,,,,,,,,,,,,,
"19(1,C3)",Unknown3,78.40234,4304.90088,244,,,,,,,,,,,,,,,,
"20(1,D3)",Unknown4,49.8243,5225.82178,216,,,,,,,,,,,,,,,,
"21(1,E3)",Unknown5,32.64234,4451.01807,220,,,,,,,,,,,,,,,,
"22(1,F3)",Unknown6,107.97233,14331.62109,221,,,,,,,,,,,,,,,,
"23(1,G3)",Unknown7,140.76239,8049.6582,261,,,,,,,,,,,,,,,,
"24(1,H3)",Unknown8,44.43054,8534.89648,258,,,,,,,,,,,,,,,,
"25(1,A4)",Unknown9,232.43513,9742.64648,230,,,,,,,,,,,,,,,,
"26(1,B4)",Unknown10,95.23729,11107.98438,222,,,,,,,,,,,,,,,,
"27(1,C4)",Unknown11,145.80708,8655.2793,255,,,,,,,,,,,,,,,,
"28(1,D4)",Unknown12,309.82974,13978.57227,223,,,,,,,,,,,,,,,,
"29(1,E4)",Unknown13,39.17997,5630.68848,241,,,,,,,,,,,,,,,,
"30(1,F4)",Unknown14,85.07795,13323.70996,224,,,,,,,,,,,,,,,,
"31(1,G4)",Unknown15,50.22185,6786.146,219,,,,,,,,,,,,,,,,
"32(1,H4)",Unknown16,224.90079,7781.50342,243,,,,,,,,,,,,,,,,
"33(1,A5)",Unknown17,83.78539,8741.11328,210,,,,,,,,,,,,,,,,
"34(1,B5)",Unknown18,45.36223,4586.8335,249,,,,,,,,,,,,,,,,
"35(1,C5)",Unknown19,28.18678,5521.73779,225,,,,,,,,,,,,,,,,
"36(1,D5)",Unknown20,55.23648,4684.02246,214,,,,,,,,,,,,,,,,
"37(1,E5)",Unknown21,61.64987,5076.95557,223,,,,,,,,,,,,,,,,
"38(1,F5)",Unknown22,74.42172,6936.94531,223,,,,,,,,,,,,,,,,
"39(1,G5)",Unknown23,103.88212,8752.99902,240,,,,,,,,,,,,,,,,
"40(1,H5)",Unknown24,79.70398,11677.1748,242,,,,,,,,,,,,,,,,
"41(1,A6)",Unknown25,395.12448,15910.65039,232,,,,,,,,,,,,,,,,
"42(1,B6)",Unknown26,200.81126,8450.33398,278,,,,,,,,,,,,,,,,
"43(1,C6)",Unknown27,17.4224,5910.35742,220,,,,,,,,,,,,,,,,
"44(1,D6)",Unknown28,1143.14697,13166.65332,214,,,,,,,,,,,,,,,,
"45(1,E6)",Unknown29,227.39365,6097.83643,250,,,,,,,,,,,,,,,,
"46(1,F6)",Unknown30,34.6263,5788.25488,209,,,,,,,,,,,,,,,,
"47(1,G6)",Unknown31,38.42283,10962.86816,210,,,,,,,,,,,,,,,,
"48(1,H6)",Unknown32,1864.49231,21288.33984,209,,,,,,,,,,,,,,,,
"49(1,A7)",Unknown33,28.25895,3447.82202,241,,,,,,,,,,,,,,,,
"50(1,B7)",Unknown34,139.9776,7046.36816,240,,,,,,,,,,,,,,,,
"51(1,C7)",Unknown35,362.24814,14500.43164,248,,,,,,,,,,,,,,,,
"52(1,D7)",Unknown36,143.65152,6794.03125,227,,,,,,,,,,,,,,,,
"53(1,E7)",Unknown37,103.05389,4725.59619,243,,,,,,,,,,,,,,,,
"54(1,F7)",Unknown38,22.15512,5801.44971,223,,,,,,,,,,,,,,,,
"55(1,G7)",Unknown39,1060.8175,13768.47949,238,,,,,,,,,,,,,,,,
"56(1,H7)",Unknown40,34.66051,11728.1123,208,,,,,,,,,,,,,,,,
"57(1,A8)",Unknown41,55.03145,7294.2334,244,,,,,,,,,,,,,,,,
"58(1,B8)",Unknown42,121.85973,5626.07812,250,,,,,,,,,,,,,,,,
"59(1,C8)",Unknown43,89.42491,15028.75488,203,,,,,,,,,,,,,,,,
"60(1,D8)",Unknown44,20.20846,3346.76733,246,,,,,,,,,,,,,,,,
"61(1,E8)",Unknown45,294.89529,8719.88965,237,,,,,,,,,,,,,,,,
"62(1,F8)",Unknown46,225.99818,12176.96777,243,,,,,,,,,,,,,,,,
"63(1,G8)",Unknown47,198.74998,8740.06055,215,,,,,,,,,,,,,,,,
"64(1,H8)",Unknown48,18.44112,2078.67529,205,,,,,,,,,,,,,,,,
"65(1,A9)",Unknown49,618.90149,10450.90234,238,,,,,,,,,,,,,,,,
"66(1,B9)",Unknown50,15.73478,2252.80835,214,,,,,,,,,,,,,,,,
"67(1,C9)",Unknown51,20.09567,2158.47632,224,,,,,,,,,,,,,,,,
"68(1,D9)",Unknown52,31.49875,5357.88867,209,,,,,,,,,,,,,,,,
"69(1,E9)",Unknown53,31.1996,13078.00391,253,,,,,,,,,,,,,,,,
"70(1,F9)",Unknown54,17.52193,3854.74463,207,,,,,,,,,,,,,,,,
"71(1,G9)",Unknown55,796.17578,9863.24805,207,,,,,,,,,,,,,,,,
"72(1,H9)",Unknown56,64.98945,8658.58398,243,,,,,,,,,,,,,,,,
"73(1,A10)",Unknown57,353.48691,9321.11426,251,,,,,,,,,,,,,,,,
"74(1,B10)",Unknown58,120.35103,18205.83203,211,,,,,,,,,,,,,,,,
"75(1,C10)",Unknown59,33.26273,5078.0957,260,,,,,,,,,,,,,,,,
"76(1,D10)",Unknown60,131.42542,6279.95508,243,,,,,,,,,,,,,,,,
"77(1,E10)",Unknown61,13.99004,3344.0647,210,,,,,,,,,,,,,,,,
"78(1,F10)",Unknown62,595.33807,9325.81152,260,,,,,,,,,,,,,,,,
"79(1,G10)",Unknown63,186.83508,9424.14453,232,,,,,,,,,,,,,,,,
"80(1,H10)",Unknown64,3159.73267,8353.34473,203,,,,,,,,,,,,,,,,
"81(1,A11)",Unknown65,472.71457,9068.12207,261,,,,,,,,,,,,,,,,
"82(1,B11)",Unknown66,34.69948,4675.49658,218,,,,,,,,,,,,,,,,
"83(1,C11)",Unknown67,34.00702,4138.18945,238,,,,,,,,,,,,,,,,
"84(1,D11)",Unknown68,38.87049,7237.21777,222,,,,,,,,,,,,,,,,
"85(1,E11)",Unknown69,19.98641,6715.32178,207,,,,,,,,,,,,,,,,
"86(1,F11)",Unknown70,1900.37842,9209.33789,254,,,,,,,,,,,,,,,,
"87(1,G11)",Unknown71,331.00943,6343.86621,248,,,,,,,,,,,,,,,,
"88(1,H11)",Unknown72,310.76846,8245.4082,218,,,,,,,,,,,,,,,,
"89(1,A12)",Unknown73,57.77049,7691.52441,222,,,,,,,,,,,,,,,,
"90(1,B12)",Unknown74,325.4761,5011.38525,242,,,,,,,,,,,,,,,,
"91(1,C12)",Unknown75,52.06047,7092.54932,244,,,,,,,,,,,,,,,,
"92(1,D12)",Unknown76,217.52856,7136.46143,243,,,,,,,,,,,,,,,,
"93(1,E12)",Unknown77,1302.83594,12264.94238,240,,,,,,,,,,,,,,,,
"94(1,F12)",Unknown78,553.52197,17789.41602,259,,,,,,,,,,,,,,,,
"95(1,G12)",Unknown79,189.8562,6909.24902,240,,,,,,,,,,,,,,,,
"96(1,H12)",Unknown80,80.45384,10807.72363,224,,,,,,,,,,,,,,,,
,,,,,,,,,,,,,,,,,,,,
,,,,,,,,,,,,,,,,,,,,
DataType:,Net MFI,,,,,,,,,,,,,,,,,,,
Location,Sample,Omi SPIKE RBD,Omi SPIKE TRIMER,Total Events,,,,,,,,,,,,,,,,
"1(1,A1)",Standard1,7300.62695,13537.79688,263,,,,,,,,,,,,,,,,
"2(1,B1)",Standard2,4342.45312,11621.44922,230,,,,,,,,,,,,,,,,
"3(1,C1)",Standard3,1809.19141,7805.23438,258,,,,,,,,,,,,,,,,
"4(1,D1)",Standard4,548.62695,4147.77148,290,,,,,,,,,,,,,,,,
"5(1,E1)",Standard5,161.2832,2016.41211,285,,,,,,,,,,,,,,,,
"6(1,F1)",Standard6,49.88184,879.91797,255,,,,,,,,,,,,,,,,
"7(1,G1)",Standard7,16.20312,404.56152,223,,,,,,,,,,,,,,,,
"8(1,H1)",Standard8,5.17383,191.70508,254,,,,,,,,,,,,,,,,
"9(1,A2)",Control1,2746.04297,7275.31836,230,,,,,,,,,,,,,,,,
"10(1,B2)",Control2,624.93164,3354.76758,305,,,,,,,,,,,,,,,,
"11(1,C2)",Control3,0.47461,77.5957,213,,,,,,,,,,,,,,,,
"12(1,D2)",Background0,0.04688,15.38672,229,,,,,,,,,,,,,,,,
"13(1,E2)",Control1,2401.20996,7256.30273,235,,,,,,,,,,,,,,,,
"14(1,F2)",Control2,531.00195,3041.88477,247,,,,,,,,,,,,,,,,
"15(1,G2)",Control3,0.91602,124.65039,258,,,,,,,,,,,,,,,,
"16(1,H2)",Background0,-0.04688,-15.38672,229,,,,,,,,,,,,,,,,
"17(1,A3)",Unknown1,23.64648,847.11914,245,,,,,,,,,,,,,,,,
"18(1,B3)",Unknown2,246.37695,3810.19531,256,,,,,,,,,,,,,,,,
"19(1,C3)",Unknown3,64.92772,803.30859,244,,,,,,,,,,,,,,,,
"20(1,D3)",Unknown4,39.14355,1177.80957,216,,,,,,,,,,,,,,,,
"21(1,E3)",Unknown5,20.64257,749.01074,220,,,,,,,,,,,,,,,,
"22(1,F3)",Unknown6,92.0127,1673.70508,221,,,,,,,,,,,,,,,,
"23(1,G3)",Unknown7,126.10546,2018.4873,261,,,,,,,,,,,,,,,,
"24(1,H3)",Unknown8,32.98926,681.13281,258,,,,,,,,,,,,,,,,
"25(1,A4)",Unknown9,215.23047,2726.66699,230,,,,,,,,,,,,,,,,
"26(1,B4)",Unknown10,82.07227,2131.92383,222,,,,,,,,,,,,,,,,
"27(1,C4)",Unknown11,129.95605,1664.1582,255,,,,,,,,,,,,,,,,
"28(1,D4)",Unknown12,271.03906,2802.20312,223,,,,,,,,,,,,,,,,
"29(1,E4)",Unknown13,27.54688,737.66211,241,,,,,,,,,,,,,,,,
"30(1,F4)",Unknown14,70.5869,1192.77637,224,,,,,,,,,,,,,,,,
"31(1,G4)",Unknown15,36.96289,877.55762,219,,,,,,,,,,,,,,,,
"32(1,H4)",Unknown16,163.52539,1120.58594,243,,,,,,,,,,,,,,,,
"33(1,A5)",Unknown17,69.21581,990.27344,210,,,,,,,,,,,,,,,,
"34(1,B5)",Unknown18,32.24023,996.7666,249,,,,,,,,,,,,,,,,
"35(1,C5)",Unknown19,16.03905,213.07422,225,,,,,,,,,,,,,,,,
"36(1,D5)",Unknown20,42.76464,1498.19238,214,,,,,,,,,,,,,,,,
"37(1,E5)",Unknown21,48.61719,440.46484,223,,,,,,,,,,,,,,,,
"38(1,F5)",Unknown22,62.72656,1389.13867,223,,,,,,,,,,,,,,,,
"39(1,G5)",Unknown23,88.66602,1254.42773,240,,,,,,,,,,,,,,,,
"40(1,H5)",Unknown24,67.31152,1042.18066,242,,,,,,,,,,,,,,,,
"41(1,A6)",Unknown25,293.82324,3054.52441,232,,,,,,,,,,,,,,,,
"42(1,B6)",Unknown26,172.41113,2525.11523,278,,,,,,,,,,,,,,,,
"43(1,C6)",Unknown27,5.13672,541.7168,220,,,,,,,,,,,,,,,,
"44(1,D6)",Unknown28,928.69434,4702.1709,214,,,,,,,,,,,,,,,,
"45(1,E6)",Unknown29,213.45508,1871.84668,250,,,,,,,,,,,,,,,,
"46(1,F6)",Unknown30,23.57617,656.90625,209,,,,,,,,,,,,,,,,
"47(1,G6)",Unknown31,27.34277,681.11621,210,,,,,,,,,,,,,,,,
"48(1,H6)",Unknown32,968.66992,6048.05469,209,,,,,,,,,,,,,,,,
"49(1,A7)",Unknown33,15.95117,383.56055,241,,,,,,,,,,,,,,,,
"50(1,B7)",Unknown34,128.13867,1566.36719,240,,,,,,,,,,,,,,,,
"51(1,C7)",Unknown35,289.53711,2406.4375,248,,,,,,,,,,,,,,,,
"52(1,D7)",Unknown36,127.36816,1450.28516,227,,,,,,,,,,,,,,,,
"53(1,E7)",Unknown37,92.51366,1879.38477,243,,,,,,,,,,,,,,,,
"54(1,F7)",Unknown38,10.99805,227.72266,223,,,,,,,,,,,,,,,,
"55(1,G7)",Unknown39,778.08984,6997.00586,238,,,,,,,,,,,,,,,,
"56(1,H7)",Unknown40,22.52344,637.78711,208,,,,,,,,,,,,,,,,
"57(1,A8)",Unknown41,43.46094,1698.60938,244,,,,,,,,,,,,,,,,
"58(1,B8)",Unknown42,105.10938,1624.50781,250,,,,,,,,,,,,,,,,
"59(1,C8)",Unknown43,74.13964,1121.91797,203,,,,,,,,,,,,,,,,
"60(1,D8)",Unknown44,8.35938,422.48047,246,,,,,,,,,,,,,,,,
"61(1,E8)",Unknown45,263.77539,2785.76172,237,,,,,,,,,,,,,,,,
"62(1,F8)",Unknown46,209.90625,1860.06738,243,,,,,,,,,,,,,,,,
"63(1,G8)",Unknown47,184.66797,2248.61133,215,,,,,,,,,,,,,,,,
"64(1,H8)",Unknown48,5.48438,150.69531,205,,,,,,,,,,,,,,,,
"65(1,A9)",Unknown49,506.39258,3072.32031,238,,,,,,,,,,,,,,,,
"66(1,B9)",Unknown50,4.36328,341.99805,214,,,,,,,,,,,,,,,,
"67(1,C9)",Unknown51,8.99609,185.73828,224,,,,,,,,,,,,,,,,
"68(1,D9)",Unknown52,18.96093,135.60449,209,,,,,,,,,,,,,,,,
"69(1,E9)",Unknown53,19.23632,797.78613,253,,,,,,,,,,,,,,,,
"70(1,F9)",Unknown54,6.19726,181.6123,207,,,,,,,,,,,,,,,,
"71(1,G9)",Unknown55,702.71875,4385.73633,207,,,,,,,,,,,,,,,,
"72(1,H9)",Unknown56,52.26367,1115.34863,243,,,,,,,,,,,,,,,,
"73(1,A10)",Unknown57,256.18945,1088.80469,251,,,,,,,,,,,,,,,,
"74(1,B10)",Unknown58,104.26366,2078.17383,211,,,,,,,,,,,,,,,,
"75(1,C10)",Unknown59,20.55664,377.05078,260,,,,,,,,,,,,,,,,
"76(1,D10)",Unknown60,102.68359,2193.34668,243,,,,,,,,,,,,,,,,
"77(1,E10)",Unknown61,2.36425,104.39941,210,,,,,,,,,,,,,,,,
"78(1,F10)",Unknown62,437.88379,3527.36426,260,,,,,,,,,,,,,,,,
"79(1,G10)",Unknown63,176.94238,2539.60938,232,,,,,,,,,,,,,,,,
"80(1,H10)",Unknown64,1495.68164,2855.08789,203,,,,,,,,,,,,,,,,
"81(1,A11)",Unknown65,400.1543,3751.90527,261,,,,,,,,,,,,,,,,
"82(1,B11)",Unknown66,22.48046,813.16992,218,,,,,,,,,,,,,,,,
"83(1,C11)",Unknown67,21.64453,463.84766,238,,,,,,,,,,,,,,,,
"84(1,D11)",Unknown68,27.17188,663.78809,222,,,,,,,,,,,,,,,,
"85(1,E11)",Unknown69,8.40332,200.88867,207,,,,,,,,,,,,,,,,
"86(1,F11)",Unknown70,1161.91406,6517.95312,254,,,,,,,,,,,,,,,,
"87(1,G11)",Unknown71,299.59766,2928.74512,248,,,,,,,,,,,,,,,,
"88(1,H11)",Unknown72,299.74219,2467.11133,218,,,,,,,,,,,,,,,,
"89(1,A12)",Unknown73,45.53905,734.05273,222,,,,,,,,,,,,,,,,
"90(1,B12)",Unknown74,204.375,2348.43555,242,,,,,,,,,,,,,,,,
"91(1,C12)",Unknown75,39.42188,651.86621,244,,,,,,,,,,,,,,,,
"92(1,D12)",Unknown76,184.08691,2359.75,243,,,,,,,,,,,,,,,,
"93(1,E12)",Unknown77,959.78418,5245.99121,240,,,,,,,,,,,,,,,,
"94(1,F12)",Unknown78,503.42285,3104.49219,259,,,,,,,,,,,,,,,,
"95(1,G12)",Unknown79,171.40039,2005.17969,240,,,,,,,,,,,,,,,,
"96(1,H12)",Unknown80,63.44727,1190.66211,224,,,,,,,,,,,,,,,,
,,,,,,,,,,,,,,,,,,,,
,,,,,,,,,,,,,,,,,,,,
DataType:,Avg Net MFI,,,,,,,,,,,,,,,,,,,
Location,Sample,Omi SPIKE RBD,Omi SPIKE TRIMER,Total Events,,,,,,,,,,,,,,,,
"1(1,A1)",Standard1,7300.62695,13537.79688,263,,,,,,,,,,,,,,,,
"2(1,B1)",Standard2,4342.45312,11621.44922,230,,,,,,,,,,,,,,,,
"3(1,C1)",Standard3,1809.19141,7805.23438,258,,,,,,,,,,,,,,,,
"4(1,D1)",Standard4,548.62695,4147.77148,290,,,,,,,,,,,,,,,,
"5(1,E1)",Standard5,161.2832,2016.41211,285,,,,,,,,,,,,,,,,
"6(1,F1)",Standard6,49.88184,879.91797,255,,,,,,,,,,,,,,,,
"7(1,G1)",Standard7,16.20312,404.56152,223,,,,,,,,,,,,,,,,
"8(1,H1)",Standard8,5.17383,191.70508,254,,,,,,,,,,,,,,,,
"9(1,A2)",Control1,2573.62646,7265.81055,230,,,,,,,,,,,,,,,,
"10(1,B2)",Control2,577.9668,3198.32617,305,,,,,,,,,,,,,,,,
"11(1,C2)",Control3,0.69531,101.12305,213,,,,,,,,,,,,,,,,
"12(1,D2)",Background0,0,0,229,,,,,,,,,,,,,,,,
"13(1,E2)",Control1,2573.62646,7265.81055,235,,,,,,,,,,,,,,,,
"14(1,F2)",Control2,577.9668,3198.32617,247,,,,,,,,,,,,,,,,
"15(1,G2)",Control3,0.69531,101.12305,258,,,,,,,,,,,,,,,,
"16(1,H2)",Background0,0,0,229,,,,,,,,,,,,,,,,
"17(1,A3)",Unknown1,23.64648,847.11914,245,,,,,,,,,,,,,,,,
"18(1,B3)",Unknown2,246.37695,3810.19531,256,,,,,,,,,,,,,,,,
"19(1,C3)",Unknown3,64.92772,803.30859,244,,,,,,,,,,,,,,,,
"20(1,D3)",Unknown4,39.14355,1177.80957,216,,,,,,,,,,,,,,,,
"21(1,E3)",Unknown5,20.64257,749.01074,220,,,,,,,,,,,,,,,,
"22(1,F3)",Unknown6,92.0127,1673.70508,221,,,,,,,,,,,,,,,,
"23(1,G3)",Unknown7,126.10546,2018.4873,261,,,,,,,,,,,,,,,,
"24(1,H3)",Unknown8,32.98926,681.13281,258,,,,,,,,,,,,,,,,
"25(1,A4)",Unknown9,215.23047,2726.66699,230,,,,,,,,,,,,,,,,
"26(1,B4)",Unknown10,82.07227,2131.92383,222,,,,,,,,,,,,,,,,
"27(1,C4)",Unknown11,129.95605,1664.1582,255,,,,,,,,,,,,,,,,
"28(1,D4)",Unknown12,271.03906,2802.20312,223,,,,,,,,,,,,,,,,
"29(1,E4)",Unknown13,27.54688,737.66211,241,,,,,,,,,,,,,,,,
"30(1,F4)",Unknown14,70.5869,1192.77637,224,,,,,,,,,,,,,,,,
"31(1,G4)",Unknown15,36.96289,877.55762,219,,,,,,,,,,,,,,,,
"32(1,H4)",Unknown16,163.52539,1120.58594,243,,,,,,,,,,,,,,,,
"33(1,A5)",Unknown17,69.21581,990.27344,210,,,,,,,,,,,,,,,,
"34(1,B5)",Unknown18,32.24023,996.7666,249,,,,,,,,,,,,,,,,
"35(1,C5)",Unknown19,16.03905,213.07422,225,,,,,,,,,,,,,,,,
"36(1,D5)",Unknown20,42.76464,1498.19238,214,,,,,,,,,,,,,,,,
"37(1,E5)",Unknown21,48.61719,440.46484,223,,,,,,,,,,,,,,,,
"38(1,F5)",Unknown22,62.72656,1389.13867,223,,,,,,,,,,,,,,,,
"39(1,G5)",Unknown23,88.66602,1254.42773,240,,,,,,,,,,,,,,,,
"40(1,H5)",Unknown24,67.31152,1042.18066,242,,,,,,,,,,,,,,,,
"41(1,A6)",Unknown25,293.82324,3054.52441,232,,,,,,,,,,,,,,,,
"42(1,B6)",Unknown26,172.41113,2525.11523,278,,,,,,,,,,,,,,,,
"43(1,C6)",Unknown27,5.13672,541.7168,220,,,,,,,,,,,,,,,,
"44(1,D6)",Unknown28,928.69434,4702.1709,214,,,,,,,,,,,,,,,,
"45(1,E6)",Unknown29,213.45508,1871.84668,250,,,,,,,,,,,,,,,,
"46(1,F6)",Unknown30,23.57617,656.90625,209,,,,,,,,,,,,,,,,
"47(1,G6)",Unknown31,27.34277,681.11621,210,,,,,,,,,,,,,,,,
"48(1,H6)",Unknown32,968.66992,6048.05469,209,,,,,,,,,,,,,,,,
"49(1,A7)",Unknown33,15.95117,383.56055,241,,,,,,,,,,,,,,,,
"50(1,B7)",Unknown34,128.13867,1566.36719,240,,,,,,,,,,,,,,,,
"51(1,C7)",Unknown35,289.53711,2406.4375,248,,,,,,,,,,,,,,,,
"52(1,D7)",Unknown36,127.36816,1450.28516,227,,,,,,,,,,,,,,,,
"53(1,E7)",Unknown37,92.51366,1879.38477,243,,,,,,,,,,,,,,,,
"54(1,F7)",Unknown38,10.99805,227.72266,223,,,,,,,,,,,,,,,,
"55(1,G7)",Unknown39,778.08984,6997.00586,238,,,,,,,,,,,,,,,,
"56(1,H7)",Unknown40,22.52344,637.78711,208,,,,,,,,,,,,,,,,
"57(1,A8)",Unknown41,43.46094,1698.60938,244,,,,,,,,,,,,,,,,
"58(1,B8)",Unknown42,105.10938,1624.50781,250,,,,,,,,,,,,,,,,
"59(1,C8)",Unknown43,74.13964,1121.91797,203,,,,,,,,,,,,,,,,
"60(1,D8)",Unknown44,8.35938,422.48047,246,,,,,,,,,,,,,,,,
"61(1,E8)",Unknown45,263.77539,2785.76172,237,,,,,,,,,,,,,,,,
"62(1,F8)",Unknown46,209.90625,1860.06738,243,,,,,,,,,,,,,,,,
"63(1,G8)",Unknown47,184.66797,2248.61133,215,,,,,,,,,,,,,,,,
"64(1,H8)",Unknown48,5.48438,150.69531,205,,,,,,,,,,,,,,,,
"65(1,A9)",Unknown49,506.39258,3072.32031,238,,,,,,,,,,,,,,,,
"66(1,B9)",Unknown50,4.36328,341.99805,214,,,,,,,,,,,,,,,,
"67(1,C9)",Unknown51,8.99609,185.73828,224,,,,,,,,,,,,,,,,
"68(1,D9)",Unknown52,18.96093,135.60449,209,,,,,,,,,,,,,,,,
"69(1,E9)",Unknown53,19.23632,797.78613,253,,,,,,,,,,,,,,,,
"70(1,F9)",Unknown54,6.19726,181.6123,207,,,,,,,,,,,,,,,,
"71(1,G9)",Unknown55,702.71875,4385.73633,207,,,,,,,,,,,,,,,,
"72(1,H9)",Unknown56,52.26367,1115.34863,243,,,,,,,,,,,,,,,,
"73(1,A10)",Unknown57,256.18945,1088.80469,251,,,,,,,,,,,,,,,,
"74(1,B10)",Unknown58,104.26366,2078.17383,211,,,,,,,,,,,,,,,,
"75(1,C10)",Unknown59,20.55664,377.05078,260,,,,,,,,,,,,,,,,
"76(1,D10)",Unknown60,102.68359,2193.34668,243,,,,,,,,,,,,,,,,
"77(1,E10)",Unknown61,2.36425,104.39941,210,,,,,,,,,,,,,,,,
"78(1,F10)",Unknown62,437.88379,3527.36426,260,,,,,,,,,,,,,,,,
"79(1,G10)",Unknown63,176.94238,2539.60938,232,,,,,,,,,,,,,,,,
"80(1,H10)",Unknown64,1495.68164,2855.08789,203,,,,,,,,,,,,,,,,
"81(1,A11)",Unknown65,400.1543,3751.90527,261,,,,,,,,,,,,,,,,
"82(1,B11)",Unknown66,22.48046,813.16992,218,,,,,,,,,,,,,,,,
"83(1,C11)",Unknown67,21.64453,463.84766,238,,,,,,,,,,,,,,,,
"84(1,D11)",Unknown68,27.17188,663.78809,222,,,,,,,,,,,,,,,,
"85(1,E11)",Unknown69,8.40332,200.88867,207,,,,,,,,,,,,,,,,
"86(1,F11)",Unknown70,1161.91406,6517.95312,254,,,,,,,,,,,,,,,,
"87(1,G11)",Unknown71,299.59766,2928.74512,248,,,,,,,,,,,,,,,,
"88(1,H11)",Unknown72,299.74219,2467.11133,218,,,,,,,,,,,,,,,,
"89(1,A12)",Unknown73,45.53905,734.05273,222,,,,,,,,,,,,,,,,
"90(1,B12)",Unknown74,204.375,2348.43555,242,,,,,,,,,,,,,,,,
"91(1,C12)",Unknown75,39.42188,651.86621,244,,,,,,,,,,,,,,,,
"92(1,D12)",Unknown76,184.08691,2359.75,243,,,,,,,,,,,,,,,,
"93(1,E12)",Unknown77,959.78418,5245.99121,240,,,,,,,,,,,,,,,,
"94(1,F12)",Unknown78,503.42285,3104.49219,259,,,,,,,,,,,,,,,,
"95(1,G12)",Unknown79,171.40039,2005.17969,240,,,,,,,,,,,,,,,,
"96(1,H12)",Unknown80,63.44727,1190.66211,224,,,,,,,,,,,,,,,,
,,,,,,,,,,,,,,,,,,,,
,,,,,,,,,,,,,,,,,,,,
DataType:,Units,,,,,,,,,,,,,,,,,,,
Analyte:,Omi SPIKE RBD,Omi SPIKE TRIMER,,,,,,,,,,,,,,,,,,
BeadID:,20,21,,,,,,,,,,,,,,,,,,
Units:,,,,,,,,,,,,,,,,,,,,
,,,,,,,,,,,,,,,,,,,,
DataType:,Dilution Factor,,,,,,,,,,,,,,,,,,,
Location,Sample,Dilution Factor,,,,,,,,,,,,,,,,,,
"1(1,A1)",Standard1,1,,,,,,,,,,,,,,,,,,
"2(1,B1)",Standard2,1,,,,,,,,,,,,,,,,,,
"3(1,C1)",Standard3,1,,,,,,,,,,,,,,,,,,
"4(1,D1)",Standard4,1,,,,,,,,,,,,,,,,,,
"5(1,E1)",Standard5,1,,,,,,,,,,,,,,,,,,
"6(1,F1)",Standard6,1,,,,,,,,,,,,,,,,,,
"7(1,G1)",Standard7,1,,,,,,,,,,,,,,,,,,
"8(1,H1)",Standard8,1,,,,,,,,,,,,,,,,,,
"9(1,A2)",Control1,1,,,,,,,,,,,,,,,,,,
"10(1,B2)",Control2,1,,,,,,,,,,,,,,,,,,
"11(1,C2)",Control3,1,,,,,,,,,,,,,,,,,,
"12(1,D2)",Background0,,,,,,,,,,,,,,,,,,,
"13(1,E2)",Control1,1,,,,,,,,,,,,,,,,,,
"14(1,F2)",Control2,1,,,,,,,,,,,,,,,,,,
"15(1,G2)",Control3,1,,,,,,,,,,,,,,,,,,
"16(1,H2)",Background0,,,,,,,,,,,,,,,,,,,
"17(1,A3)",Unknown1,1,,,,,,,,,,,,,,,,,,
"18(1,B3)",Unknown2,1,,,,,,,,,,,,,,,,,,
"19(1,C3)",Unknown3,1,,,,,,,,,,,,,,,,,,
"20(1,D3)",Unknown4,1,,,,,,,,,,,,,,,,,,
"21(1,E3)",Unknown5,1,,,,,,,,,,,,,,,,,,
"22(1,F3)",Unknown6,1,,,,,,,,,,,,,,,,,,
"23(1,G3)",Unknown7,1,,,,,,,,,,,,,,,,,,
"24(1,H3)",Unknown8,1,,,,,,,,,,,,,,,,,,
"25(1,A4)",Unknown9,1,,,,,,,,,,,,,,,,,,
"26(1,B4)",Unknown10,1,,,,,,,,,,,,,,,,,,
"27(1,C4)",Unknown11,1,,,,,,,,,,,,,,,,,,
"28(1,D4)",Unknown12,1,,,,,,,,,,,,,,,,,,
"29(1,E4)",Unknown13,1,,,,,,,,,,,,,,,,,,
"30(1,F4)",Unknown14,1,,,,,,,,,,,,,,,,,,
"31(1,G4)",Unknown15,1,,,,,,,,,,,,,,,,,,
"32(1,H4)",Unknown16,1,,,,,,,,,,,,,,,,,,
"33(1,A5)",Unknown17,1,,,,,,,,,,,,,,,,,,
"34(1,B5)",Unknown18,1,,,,,,,,,,,,,,,,,,
"35(1,C5)",Unknown19,1,,,,,,,,,,,,,,,,,,
"36(1,D5)",Unknown20,1,,,,,,,,,,,,,,,,,,
"37(1,E5)",Unknown21,1,,,,,,,,,,,,,,,,,,
"38(1,F5)",Unknown22,1,,,,,,,,,,,,,,,,,,
"39(1,G5)",Unknown23,1,,,,,,,,,,,,,,,,,,
"40(1,H5)",Unknown24,1,,,,,,,,,,,,,,,,,,
"41(1,A6)",Unknown25,1,,,,,,,,,,,,,,,,,,
"42(1,B6)",Unknown26,1,,,,,,,,,,,,,,,,,,
"43(1,C6)",Unknown27,1,,,,,,,,,,,,,,,,,,
"44(1,D6)",Unknown28,1,,,,,,,,,,,,,,,,,,
"45(1,E6)",Unknown29,1,,,,,,,,,,,,,,,,,,
"46(1,F6)",Unknown30,1,,,,,,,,,,,,,,,,,,
"47(1,G6)",Unknown31,1,,,,,,,,,,,,,,,,,,
"48(1,H6)",Unknown32,1,,,,,,,,,,,,,,,,,,
"49(1,A7)",Unknown33,1,,,,,,,,,,,,,,,,,,
"50(1,B7)",Unknown34,1,,,,,,,,,,,,,,,,,,
"51(1,C7)",Unknown35,1,,,,,,,,,,,,,,,,,,
"52(1,D7)",Unknown36,1,,,,,,,,,,,,,,,,,,
"53(1,E7)",Unknown37,1,,,,,,,,,,,,,,,,,,
"54(1,F7)",Unknown38,1,,,,,,,,,,,,,,,,,,
"55(1,G7)",Unknown39,1,,,,,,,,,,,,,,,,,,
"56(1,H7)",Unknown40,1,,,,,,,,,,,,,,,,,,
"57(1,A8)",Unknown41,1,,,,,,,,,,,,,,,,,,
"58(1,B8)",Unknown42,1,,,,,,,,,,,,,,,,,,
"59(1,C8)",Unknown43,1,,,,,,,,,,,,,,,,,,
"60(1,D8)",Unknown44,1,,,,,,,,,,,,,,,,,,
"61(1,E8)",Unknown45,1,,,,,,,,,,,,,,,,,,
"62(1,F8)",Unknown46,1,,,,,,,,,,,,,,,,,,
"63(1,G8)",Unknown47,1,,,,,,,,,,,,,,,,,,
"64(1,H8)",Unknown48,1,,,,,,,,,,,,,,,,,,
"65(1,A9)",Unknown49,1,,,,,,,,,,,,,,,,,,
"66(1,B9)",Unknown50,1,,,,,,,,,,,,,,,,,,
"67(1,C9)",Unknown51,1,,,,,,,,,,,,,,,,,,
"68(1,D9)",Unknown52,1,,,,,,,,,,,,,,,,,,
"69(1,E9)",Unknown53,1,,,,,,,,,,,,,,,,,,
"70(1,F9)",Unknown54,1,,,,,,,,,,,,,,,,,,
"71(1,G9)",Unknown55,1,,,,,,,,,,,,,,,,,,
"72(1,H9)",Unknown56,1,,,,,,,,,,,,,,,,,,
"73(1,A10)",Unknown57,1,,,,,,,,,,,,,,,,,,
"74(1,B10)",Unknown58,1,,,,,,,,,,,,,,,,,,
"75(1,C10)",Unknown59,1,,,,,,,,,,,,,,,,,,
"76(1,D10)",Unknown60,1,,,,,,,,,,,,,,,,,,
"77(1,E10)",Unknown61,1,,,,,,,,,,,,,,,,,,
"78(1,F10)",Unknown62,1,,,,,,,,,,,,,,,,,,
"79(1,G10)",Unknown63,1,,,,,,,,,,,,,,,,,,
"80(1,H10)",Unknown64,1,,,,,,,,,,,,,,,,,,
"81(1,A11)",Unknown65,1,,,,,,,,,,,,,,,,,,
"82(1,B11)",Unknown66,1,,,,,,,,,,,,,,,,,,
"83(1,C11)",Unknown67,1,,,,,,,,,,,,,,,,,,
"84(1,D11)",Unknown68,1,,,,,,,,,,,,,,,,,,
"85(1,E11)",Unknown69,1,,,,,,,,,,,,,,,,,,
"86(1,F11)",Unknown70,1,,,,,,,,,,,,,,,,,,
"87(1,G11)",Unknown71,1,,,,,,,,,,,,,,,,,,
"88(1,H11)",Unknown72,1,,,,,,,,,,,,,,,,,,
"89(1,A12)",Unknown73,1,,,,,,,,,,,,,,,,,,
"90(1,B12)",Unknown74,1,,,,,,,,,,,,,,,,,,
"91(1,C12)",Unknown75,1,,,,,,,,,,,,,,,,,,
"92(1,D12)",Unknown76,1,,,,,,,,,,,,,,,,,,
"93(1,E12)",Unknown77,1,,,,,,,,,,,,,,,,,,
"94(1,F12)",Unknown78,1,,,,,,,,,,,,,,,,,,
"95(1,G12)",Unknown79,1,,,,,,,,,,,,,,,,,,
"96(1,H12)",Unknown80,1,,,,,,,,,,,,,,,,,,
,,,,,,,,,,,,,,,,,,,,
-- CRC --,,,,,,,,,,,,,,,,,,,,
CRC32:F5FE94D6,,,,,,,,,,,,,,,,,,,,